user_id,room_id,gift_value,gift_time
user_0482,room_026,5,2024/9/1 9:24
user_0533,room_012,1,2024/9/1 9:34
user_0352,room_025,5,2024/9/1 9:34
user_0541,room_022,5,2024/9/1 9:44
user_0438,room_027,5,2024/9/1 9:54
user_0052,room_022,5,2024/9/1 10:04
user_0455,room_013,5,2024/9/1 10:12
user_0000,room_003,1,2024/9/1 10:13
user_0118,room_004,1,2024/9/1 10:14
user_0366,room_015,5,2024/9/1 10:22
user_0560,room_020,5,2024/9/1 10:25
user_0925,room_017,10,2024/9/1 10:34
user_0832,room_026,1,2024/9/1 10:41
user_0589,room_016,5,2024/9/1 10:42
user_0795,room_013,1,2024/9/1 10:43
user_0190,room_003,20,2024/9/1 10:47
user_0698,room_007,10,2024/9/1 10:49
user_0019,room_027,1,2024/9/1 10:59
user_0173,room_009,10,2024/9/1 11:00
user_0693,room_024,1,2024/9/1 11:03
user_0651,room_009,10,2024/9/1 11:05
user_0512,room_028,1,2024/9/1 11:12
user_0173,room_018,1,2024/9/1 11:16
user_0772,room_009,1,2024/9/1 11:29
user_0434,room_026,20,2024/9/1 11:31
user_0471,room_018,1,2024/9/1 11:37
user_0832,room_017,5,2024/9/1 11:46
user_0681,room_015,10,2024/9/1 11:46
user_0055,room_010,5,2024/9/1 11:47
user_0882,room_005,20,2024/9/1 11:59
user_0195,room_014,1,2024/9/1 12:19
user_0828,room_025,1,2024/9/1 12:27
user_0351,room_022,1,2024/9/1 12:32
user_0798,room_002,1,2024/9/1 12:36
user_0343,room_027,1,2024/9/1 12:59
user_0913,room_007,1,2024/9/1 13:12
user_0429,room_005,1,2024/9/1 13:13
user_0730,room_009,1,2024/9/1 13:14
user_0070,room_005,5,2024/9/1 13:18
user_0841,room_004,1,2024/9/1 13:31
user_0172,room_026,1,2024/9/1 13:54
user_0849,room_029,5,2024/9/1 13:59
user_0611,room_010,1,2024/9/1 14:15
user_0215,room_020,1,2024/9/1 14:19
user_0083,room_021,5,2024/9/1 14:19
user_0746,room_010,1,2024/9/1 14:44
user_0427,room_013,10,2024/9/1 14:59
user_0227,room_011,10,2024/9/1 15:03
user_0854,room_001,1,2024/9/1 15:06
user_0350,room_002,10,2024/9/1 15:08
user_0323,room_010,20,2024/9/1 15:16
user_0370,room_004,1,2024/9/1 15:21
user_0748,room_016,1,2024/9/1 15:37
user_0924,room_014,1,2024/9/1 15:39
user_0931,room_027,1,2024/9/1 15:40
user_0487,room_002,1,2024/9/1 15:41
user_0595,room_009,1,2024/9/1 15:43
user_0383,room_015,1,2024/9/1 16:06
user_0656,room_012,1,2024/9/1 16:07
user_0792,room_024,5,2024/9/1 16:40
user_0195,room_022,1,2024/9/1 16:47
user_0268,room_004,5,2024/9/1 16:56
user_0516,room_029,1,2024/9/1 16:58
user_0001,room_006,1,2024/9/1 17:12
user_0125,room_018,1,2024/9/1 17:26
user_0518,room_006,1,2024/9/1 17:42
user_0864,room_028,1,2024/9/1 17:45
user_0352,room_028,1,2024/9/1 17:46
user_0353,room_022,1,2024/9/1 17:52
user_0688,room_021,5,2024/9/1 17:52
user_0428,room_009,5,2024/9/1 18:04
user_0289,room_026,5,2024/9/1 18:30
user_0539,room_025,1,2024/9/1 18:32
user_0640,room_026,20,2024/9/1 18:33
user_0777,room_007,1,2024/9/1 18:48
user_0162,room_013,1,2024/9/1 18:56
user_0188,room_019,1,2024/9/1 18:59
user_0545,room_016,5,2024/9/1 19:05
user_0059,room_029,1,2024/9/1 19:12
user_0665,room_025,1,2024/9/1 19:13
user_0124,room_009,1,2024/9/1 19:38
user_0046,room_022,1,2024/9/1 19:52
user_0557,room_022,5,2024/9/1 19:59
user_0957,room_001,50,2024/9/1 20:03
user_0971,room_011,50,2024/9/1 20:08
user_0972,room_013,100,2024/9/1 20:11
user_0388,room_002,1,2024/9/1 20:13
user_0581,room_006,1,2024/9/1 20:16
user_0415,room_010,1,2024/9/1 20:21
user_0971,room_006,100,2024/9/1 20:27
user_0971,room_004,50,2024/9/1 20:29
user_0921,room_008,5,2024/9/1 20:34
user_0105,room_025,5,2024/9/1 20:34
user_0828,room_021,5,2024/9/1 20:35
user_0477,room_002,1,2024/9/1 20:36
user_0388,room_008,10,2024/9/1 20:39
user_0466,room_025,1,2024/9/1 20:44
user_0972,room_010,200,2024/9/1 20:48
user_0946,room_010,1,2024/9/1 20:52
user_0933,room_015,1,2024/9/1 21:00
user_0971,room_002,100,2024/9/1 21:03
user_0646,room_009,1,2024/9/1 21:05
user_0825,room_026,5,2024/9/1 21:09
user_0972,room_013,50,2024/9/1 21:18
user_0955,room_010,200,2024/9/1 21:19
user_0760,room_023,1,2024/9/1 21:20
user_0971,room_012,50,2024/9/1 21:30
user_0972,room_004,100,2024/9/1 21:34
user_0711,room_010,1,2024/9/1 21:40
user_0955,room_013,100,2024/9/1 21:40
user_0971,room_004,100,2024/9/1 21:40
user_0443,room_020,5,2024/9/1 21:42
user_0504,room_016,1,2024/9/1 21:44
user_0955,room_009,50,2024/9/1 21:44
user_0971,room_006,50,2024/9/1 21:44
user_0972,room_013,100,2024/9/1 21:50
user_0971,room_005,50,2024/9/1 21:51
user_0731,room_023,5,2024/9/1 21:52
user_0972,room_002,50,2024/9/1 21:56
user_0955,room_005,50,2024/9/1 21:58
user_0971,room_001,100,2024/9/1 22:00
user_0971,room_006,50,2024/9/1 22:01
user_0854,room_009,1,2024/9/1 22:04
user_0548,room_015,1,2024/9/1 22:08
user_0957,room_005,50,2024/9/1 22:10
user_0971,room_005,50,2024/9/1 22:12
user_0972,room_008,100,2024/9/1 22:15
user_0937,room_027,1,2024/9/1 22:16
user_0972,room_006,100,2024/9/1 22:29
user_0553,room_023,1,2024/9/1 22:43
user_0957,room_002,50,2024/9/1 22:45
user_0972,room_007,100,2024/9/1 22:51
user_0424,room_027,20,2024/9/1 22:54
user_0955,room_009,100,2024/9/1 22:55
user_0972,room_005,50,2024/9/1 22:55
user_0864,room_019,1,2024/9/1 23:02
user_0972,room_008,50,2024/9/1 23:13
user_0971,room_003,200,2024/9/1 23:14
user_0955,room_008,50,2024/9/1 23:30
user_0863,room_029,1,2024/9/1 23:31
user_0971,room_009,50,2024/9/1 23:39
user_0957,room_002,50,2024/9/1 23:45
user_0076,room_007,5,2024/9/1 23:48
user_0636,room_001,1,2024/9/1 23:49
user_0145,room_010,1,2024/9/1 23:51
user_0282,room_008,1,2024/9/2 9:02
user_0411,room_023,1,2024/9/2 9:06
user_0306,room_011,5,2024/9/2 9:19
user_0165,room_002,1,2024/9/2 9:19
user_0706,room_017,1,2024/9/2 9:22
user_0887,room_027,10,2024/9/2 9:41
user_0621,room_001,5,2024/9/2 9:41
user_0684,room_008,1,2024/9/2 9:49
user_0594,room_013,1,2024/9/2 10:04
user_0554,room_009,1,2024/9/2 10:16
user_0906,room_004,1,2024/9/2 10:24
user_0300,room_023,10,2024/9/2 10:26
user_0881,room_019,20,2024/9/2 11:06
user_0109,room_013,5,2024/9/2 11:09
user_0440,room_003,10,2024/9/2 11:14
user_0271,room_003,1,2024/9/2 11:28
user_0924,room_028,5,2024/9/2 11:43
user_0174,room_024,10,2024/9/2 11:47
user_0594,room_022,1,2024/9/2 11:50
user_0515,room_028,5,2024/9/2 11:54
user_0026,room_019,1,2024/9/2 12:04
user_0433,room_020,1,2024/9/2 12:05
user_0949,room_012,1,2024/9/2 12:06
user_0356,room_023,10,2024/9/2 12:13
user_0124,room_008,5,2024/9/2 12:17
user_0113,room_025,5,2024/9/2 12:18
user_0234,room_029,1,2024/9/2 12:26
user_0746,room_022,10,2024/9/2 12:39
user_0875,room_016,10,2024/9/2 12:44
user_0620,room_022,10,2024/9/2 12:48
user_0022,room_007,1,2024/9/2 12:56
user_0753,room_026,1,2024/9/2 12:59
user_0485,room_023,5,2024/9/2 13:01
user_0749,room_018,1,2024/9/2 13:10
user_0749,room_020,10,2024/9/2 13:12
user_0242,room_021,10,2024/9/2 13:12
user_0397,room_008,1,2024/9/2 13:14
user_0938,room_009,5,2024/9/2 13:18
user_0140,room_017,1,2024/9/2 13:22
user_0341,room_025,1,2024/9/2 13:24
user_0088,room_003,1,2024/9/2 13:24
user_0273,room_018,1,2024/9/2 13:24
user_0325,room_029,1,2024/9/2 13:26
user_0276,room_001,5,2024/9/2 13:31
user_0738,room_012,1,2024/9/2 13:33
user_0433,room_001,1,2024/9/2 13:42
user_0696,room_010,1,2024/9/2 13:49
user_0405,room_009,1,2024/9/2 13:55
user_0490,room_028,1,2024/9/2 14:00
user_0873,room_005,20,2024/9/2 14:03
user_0696,room_019,1,2024/9/2 14:05
user_0793,room_003,1,2024/9/2 14:22
user_0906,room_019,1,2024/9/2 14:23
user_0094,room_018,1,2024/9/2 14:34
user_0239,room_007,1,2024/9/2 14:34
user_0738,room_028,1,2024/9/2 14:34
user_0140,room_017,1,2024/9/2 14:50
user_0203,room_022,1,2024/9/2 14:53
user_0502,room_029,1,2024/9/2 15:05
user_0674,room_029,5,2024/9/2 15:06
user_0873,room_005,20,2024/9/2 15:07
user_0584,room_027,10,2024/9/2 15:17
user_0168,room_001,10,2024/9/2 15:17
user_0776,room_015,1,2024/9/2 15:19
user_0324,room_004,5,2024/9/2 15:22
user_0414,room_012,1,2024/9/2 15:40
user_0869,room_022,10,2024/9/2 15:42
user_0445,room_003,1,2024/9/2 15:42
user_0540,room_013,5,2024/9/2 15:56
user_0512,room_027,1,2024/9/2 16:03
user_0456,room_018,10,2024/9/2 16:03
user_0438,room_029,5,2024/9/2 16:23
user_0804,room_019,1,2024/9/2 16:24
user_0436,room_008,1,2024/9/2 16:54
user_0559,room_021,1,2024/9/2 17:14
user_0106,room_013,5,2024/9/2 17:18
user_0768,room_005,1,2024/9/2 17:24
user_0340,room_001,1,2024/9/2 17:26
user_0511,room_026,5,2024/9/2 17:50
user_0439,room_021,1,2024/9/2 17:51
user_0906,room_012,1,2024/9/2 17:58
user_0138,room_003,1,2024/9/2 18:04
user_0041,room_022,5,2024/9/2 18:05
user_0251,room_023,1,2024/9/2 18:09
user_0040,room_006,1,2024/9/2 18:30
user_0183,room_002,5,2024/9/2 18:35
user_0925,room_006,1,2024/9/2 18:41
user_0523,room_026,1,2024/9/2 18:45
user_0767,room_004,5,2024/9/2 18:47
user_0111,room_008,5,2024/9/2 18:47
user_0704,room_018,1,2024/9/2 18:50
user_0356,room_021,1,2024/9/2 19:00
user_0620,room_026,1,2024/9/2 19:13
user_0006,room_008,5,2024/9/2 19:14
user_0755,room_020,1,2024/9/2 19:16
user_0840,room_013,1,2024/9/2 19:18
user_0840,room_020,1,2024/9/2 19:30
user_0268,room_003,1,2024/9/2 19:49
user_0957,room_005,50,2024/9/2 20:00
user_0972,room_001,100,2024/9/2 20:01
user_0989,room_002,200,2024/9/2 20:03
user_0720,room_028,1,2024/9/2 20:04
user_0957,room_010,50,2024/9/2 20:20
user_0955,room_001,100,2024/9/2 20:22
user_0507,room_012,5,2024/9/2 20:30
user_0578,room_024,1,2024/9/2 20:50
user_0989,room_009,100,2024/9/2 20:50
user_0248,room_010,10,2024/9/2 20:55
user_0955,room_004,50,2024/9/2 21:00
user_0958,room_004,50,2024/9/2 21:02
user_0958,room_010,50,2024/9/2 21:03
user_0989,room_006,100,2024/9/2 21:09
user_0242,room_009,5,2024/9/2 21:12
user_0971,room_007,100,2024/9/2 21:12
user_0801,room_014,5,2024/9/2 21:12
user_0989,room_003,50,2024/9/2 21:15
user_0170,room_028,1,2024/9/2 21:21
user_0972,room_001,50,2024/9/2 21:21
user_0989,room_005,100,2024/9/2 21:25
user_0957,room_002,50,2024/9/2 21:30
user_0989,room_008,50,2024/9/2 21:30
user_0972,room_002,50,2024/9/2 21:33
user_0955,room_008,50,2024/9/2 21:40
user_0949,room_019,5,2024/9/2 21:42
user_0385,room_011,10,2024/9/2 21:45
user_0971,room_006,100,2024/9/2 21:52
user_0649,room_006,1,2024/9/2 21:52
user_0957,room_011,100,2024/9/2 21:55
user_0425,room_006,1,2024/9/2 21:57
user_0585,room_010,10,2024/9/2 21:59
user_0957,room_010,50,2024/9/2 22:04
user_0342,room_021,1,2024/9/2 22:04
user_0989,room_003,100,2024/9/2 22:07
user_0263,room_029,1,2024/9/2 22:07
user_0957,room_002,50,2024/9/2 22:08
user_0551,room_019,1,2024/9/2 22:10
user_0989,room_012,100,2024/9/2 22:12
user_0547,room_023,5,2024/9/2 22:18
user_0955,room_009,200,2024/9/2 22:19
user_0972,room_005,50,2024/9/2 22:20
user_0394,room_004,1,2024/9/2 22:22
user_0971,room_004,50,2024/9/2 22:23
user_0052,room_007,5,2024/9/2 22:23
user_0498,room_019,1,2024/9/2 22:24
user_0306,room_017,5,2024/9/2 22:25
user_0955,room_012,50,2024/9/2 22:29
user_0057,room_018,1,2024/9/2 22:30
user_0318,room_025,10,2024/9/2 22:35
user_0958,room_005,100,2024/9/2 22:36
user_0955,room_005,200,2024/9/2 22:36
user_0971,room_013,100,2024/9/2 22:38
user_0527,room_010,10,2024/9/2 22:40
user_0958,room_009,200,2024/9/2 22:47
user_0606,room_015,1,2024/9/2 22:48
user_0932,room_012,1,2024/9/2 22:52
user_0528,room_020,1,2024/9/2 22:54
user_0955,room_003,50,2024/9/2 22:56
user_0989,room_003,200,2024/9/2 23:01
user_0958,room_012,50,2024/9/2 23:02
user_0429,room_028,1,2024/9/2 23:03
user_0957,room_009,100,2024/9/2 23:08
user_0971,room_001,50,2024/9/2 23:12
user_0957,room_010,200,2024/9/2 23:19
user_0971,room_012,200,2024/9/2 23:21
user_0054,room_028,1,2024/9/2 23:22
user_0989,room_009,50,2024/9/2 23:26
user_0971,room_003,100,2024/9/2 23:32
user_0627,room_021,1,2024/9/2 23:36
user_0989,room_006,50,2024/9/2 23:41
user_0957,room_006,50,2024/9/2 23:43
user_0971,room_010,100,2024/9/2 23:46
user_0635,room_006,10,2024/9/2 23:50
user_0958,room_014,200,2024/9/2 23:55
user_0955,room_006,100,2024/9/2 23:56
user_0325,room_015,10,2024/9/2 23:57
user_0784,room_006,10,2024/9/3 9:06
user_0469,room_008,5,2024/9/3 9:14
user_0365,room_011,1,2024/9/3 9:19
user_0043,room_003,1,2024/9/3 9:29
user_0948,room_002,5,2024/9/3 9:49
user_0715,room_006,1,2024/9/3 9:53
user_0913,room_014,1,2024/9/3 9:55
user_0444,room_015,5,2024/9/3 9:58
user_0718,room_026,5,2024/9/3 9:59
user_0684,room_010,1,2024/9/3 10:16
user_0647,room_027,1,2024/9/3 10:16
user_0880,room_005,1,2024/9/3 10:17
user_0746,room_002,1,2024/9/3 10:47
user_0379,room_022,5,2024/9/3 10:49
user_0112,room_005,1,2024/9/3 11:00
user_0695,room_023,5,2024/9/3 11:00
user_0693,room_007,10,2024/9/3 11:08
user_0751,room_012,1,2024/9/3 11:12
user_0365,room_026,1,2024/9/3 11:27
user_0841,room_025,1,2024/9/3 11:32
user_0845,room_009,1,2024/9/3 11:38
user_0110,room_009,5,2024/9/3 12:07
user_0448,room_008,5,2024/9/3 12:08
user_0478,room_006,1,2024/9/3 12:22
user_0591,room_005,5,2024/9/3 12:42
user_0928,room_017,20,2024/9/3 12:46
user_0125,room_027,1,2024/9/3 12:53
user_0100,room_015,5,2024/9/3 13:14
user_0192,room_012,1,2024/9/3 13:28
user_0787,room_013,1,2024/9/3 13:30
user_0640,room_012,10,2024/9/3 13:38
user_0025,room_028,1,2024/9/3 14:01
user_0486,room_025,1,2024/9/3 14:10
user_0481,room_027,1,2024/9/3 14:16
user_0369,room_016,1,2024/9/3 14:16
user_0354,room_001,1,2024/9/3 14:25
user_0805,room_024,1,2024/9/3 14:29
user_0177,room_028,1,2024/9/3 14:38
user_0413,room_002,5,2024/9/3 14:42
user_0183,room_002,1,2024/9/3 15:06
user_0355,room_008,1,2024/9/3 15:24
user_0812,room_013,1,2024/9/3 15:25
user_0740,room_012,5,2024/9/3 15:32
user_0274,room_006,1,2024/9/3 15:32
user_0503,room_011,10,2024/9/3 15:35
user_0311,room_014,5,2024/9/3 15:42
user_0947,room_011,5,2024/9/3 15:44
user_0688,room_016,5,2024/9/3 16:19
user_0530,room_024,1,2024/9/3 16:21
user_0146,room_012,5,2024/9/3 16:22
user_0560,room_023,1,2024/9/3 16:28
user_0261,room_002,1,2024/9/3 16:29
user_0377,room_024,5,2024/9/3 16:38
user_0034,room_014,1,2024/9/3 16:51
user_0492,room_013,10,2024/9/3 16:54
user_0527,room_002,1,2024/9/3 16:56
user_0938,room_023,1,2024/9/3 17:12
user_0044,room_007,1,2024/9/3 17:13
user_0652,room_026,5,2024/9/3 17:18
user_0208,room_002,5,2024/9/3 17:41
user_0095,room_001,1,2024/9/3 17:41
user_0427,room_002,5,2024/9/3 17:56
user_0827,room_027,1,2024/9/3 18:00
user_0118,room_005,10,2024/9/3 18:02
user_0823,room_029,1,2024/9/3 18:06
user_0389,room_006,1,2024/9/3 18:06
user_0252,room_008,1,2024/9/3 18:08
user_0734,room_004,10,2024/9/3 18:25
user_0445,room_020,20,2024/9/3 18:36
user_0212,room_027,1,2024/9/3 18:42
user_0092,room_011,1,2024/9/3 18:44
user_0862,room_026,1,2024/9/3 18:46
user_0142,room_002,1,2024/9/3 18:55
user_0906,room_019,5,2024/9/3 18:56
user_0392,room_022,1,2024/9/3 19:08
user_0859,room_003,20,2024/9/3 19:29
user_0492,room_029,1,2024/9/3 19:34
user_0838,room_016,1,2024/9/3 19:40
user_0661,room_025,1,2024/9/3 19:42
user_0214,room_008,5,2024/9/3 19:42
user_0406,room_021,1,2024/9/3 19:50
user_0355,room_013,1,2024/9/3 19:54
user_0357,room_008,1,2024/9/3 19:59
user_0615,room_014,5,2024/9/3 20:04
user_0972,room_005,200,2024/9/3 20:07
user_0350,room_023,1,2024/9/3 20:09
user_0971,room_009,100,2024/9/3 20:09
user_0989,room_010,50,2024/9/3 20:11
user_0961,room_009,100,2024/9/3 20:12
user_0958,room_006,50,2024/9/3 20:13
user_0961,room_004,100,2024/9/3 20:13
user_0956,room_001,50,2024/9/3 20:18
user_0972,room_012,200,2024/9/3 20:21
user_0756,room_002,20,2024/9/3 20:24
user_0408,room_029,1,2024/9/3 20:29
user_0957,room_006,100,2024/9/3 20:37
user_0971,room_004,50,2024/9/3 20:37
user_0026,room_026,1,2024/9/3 20:40
user_0882,room_021,1,2024/9/3 20:41
user_0961,room_006,50,2024/9/3 20:44
user_0956,room_011,50,2024/9/3 20:45
user_0955,room_002,100,2024/9/3 20:48
user_0989,room_001,50,2024/9/3 20:48
user_0989,room_011,50,2024/9/3 20:49
user_0958,room_002,200,2024/9/3 20:54
user_0989,room_002,100,2024/9/3 20:55
user_0736,room_026,1,2024/9/3 21:03
user_0971,room_001,50,2024/9/3 21:09
user_0226,room_009,1,2024/9/3 21:10
user_0972,room_007,100,2024/9/3 21:11
user_0961,room_004,50,2024/9/3 21:11
user_0956,room_003,100,2024/9/3 21:12
user_0956,room_006,100,2024/9/3 21:15
user_0989,room_010,100,2024/9/3 21:20
user_0972,room_008,100,2024/9/3 21:24
user_0989,room_010,100,2024/9/3 21:30
user_0586,room_022,20,2024/9/3 21:32
user_0022,room_017,20,2024/9/3 21:34
user_0958,room_007,50,2024/9/3 21:35
user_0561,room_029,1,2024/9/3 21:38
user_0363,room_009,1,2024/9/3 21:39
user_0989,room_008,200,2024/9/3 21:39
user_0989,room_013,50,2024/9/3 21:42
user_0597,room_022,5,2024/9/3 21:47
user_0971,room_007,50,2024/9/3 21:50
user_0958,room_008,100,2024/9/3 21:53
user_0485,room_022,5,2024/9/3 21:54
user_0972,room_004,50,2024/9/3 21:54
user_0961,room_001,50,2024/9/3 21:57
user_0956,room_002,50,2024/9/3 21:58
user_0971,room_010,50,2024/9/3 22:02
user_0182,room_013,1,2024/9/3 22:05
user_0958,room_013,50,2024/9/3 22:10
user_0989,room_003,100,2024/9/3 22:17
user_0989,room_001,50,2024/9/3 22:18
user_0971,room_003,50,2024/9/3 22:19
user_0971,room_012,50,2024/9/3 22:22
user_0560,room_001,1,2024/9/3 22:31
user_0958,room_006,50,2024/9/3 22:33
user_0857,room_012,5,2024/9/3 22:38
user_0971,room_013,200,2024/9/3 22:39
user_0958,room_009,50,2024/9/3 22:45
user_0956,room_005,50,2024/9/3 22:46
user_0073,room_013,1,2024/9/3 22:48
user_0842,room_001,1,2024/9/3 22:50
user_0972,room_010,100,2024/9/3 22:50
user_0971,room_013,200,2024/9/3 22:51
user_0956,room_007,100,2024/9/3 22:51
user_0971,room_008,50,2024/9/3 22:54
user_0961,room_006,100,2024/9/3 22:55
user_0958,room_013,100,2024/9/3 22:57
user_0958,room_007,200,2024/9/3 22:59
user_0191,room_026,10,2024/9/3 23:03
user_0989,room_004,50,2024/9/3 23:08
user_0957,room_009,50,2024/9/3 23:09
user_0971,room_002,50,2024/9/3 23:11
user_0956,room_010,50,2024/9/3 23:12
user_0971,room_012,100,2024/9/3 23:13
user_0889,room_021,1,2024/9/3 23:15
user_0989,room_010,200,2024/9/3 23:15
user_0045,room_019,1,2024/9/3 23:15
user_0961,room_006,50,2024/9/3 23:29
user_0325,room_028,1,2024/9/3 23:30
user_0989,room_012,100,2024/9/3 23:30
user_0961,room_011,50,2024/9/3 23:31
user_0989,room_012,50,2024/9/3 23:35
user_0930,room_022,1,2024/9/3 23:37
user_0971,room_010,50,2024/9/3 23:38
user_0972,room_005,100,2024/9/3 23:40
user_0971,room_005,200,2024/9/3 23:44
user_0813,room_002,10,2024/9/3 23:48
user_0035,room_021,1,2024/9/3 23:48
user_0956,room_009,100,2024/9/3 23:50
user_0955,room_009,50,2024/9/3 23:50
user_0961,room_006,50,2024/9/3 23:53
user_0972,room_005,50,2024/9/3 23:56
user_0958,room_011,100,2024/9/3 23:57
user_0955,room_009,50,2024/9/3 23:59
user_0957,room_004,200,2024/9/3 23:59
user_0600,room_002,5,2024/9/4 9:00
user_0453,room_001,1,2024/9/4 9:03
user_0862,room_027,1,2024/9/4 9:04
user_0382,room_023,1,2024/9/4 9:06
user_0632,room_022,5,2024/9/4 9:12
user_0415,room_028,5,2024/9/4 9:13
user_0492,room_010,1,2024/9/4 9:13
user_0750,room_024,1,2024/9/4 9:18
user_0804,room_027,1,2024/9/4 9:19
user_0031,room_016,10,2024/9/4 9:25
user_0732,room_010,1,2024/9/4 9:29
user_0716,room_015,5,2024/9/4 9:36
user_0809,room_024,10,2024/9/4 9:39
user_0035,room_009,1,2024/9/4 9:41
user_0385,room_010,1,2024/9/4 9:54
user_0774,room_013,10,2024/9/4 10:07
user_0451,room_003,20,2024/9/4 10:10
user_0248,room_010,1,2024/9/4 10:20
user_0004,room_003,10,2024/9/4 10:24
user_0636,room_028,1,2024/9/4 10:30
user_0722,room_024,1,2024/9/4 10:46
user_0563,room_025,10,2024/9/4 10:48
user_0547,room_001,5,2024/9/4 10:54
user_0661,room_026,10,2024/9/4 10:58
user_0683,room_019,5,2024/9/4 10:59
user_0448,room_029,1,2024/9/4 11:06
user_0311,room_028,1,2024/9/4 11:08
user_0370,room_003,20,2024/9/4 11:19
user_0633,room_009,1,2024/9/4 11:30
user_0012,room_009,5,2024/9/4 11:40
user_0605,room_008,1,2024/9/4 11:42
user_0404,room_001,5,2024/9/4 11:48
user_0724,room_016,1,2024/9/4 11:50
user_0946,room_018,10,2024/9/4 12:08
user_0025,room_016,5,2024/9/4 12:14
user_0703,room_004,20,2024/9/4 12:40
user_0543,room_020,1,2024/9/4 13:07
user_0694,room_022,1,2024/9/4 13:17
user_0273,room_021,5,2024/9/4 13:28
user_0701,room_011,5,2024/9/4 13:30
user_0566,room_012,1,2024/9/4 13:39
user_0851,room_013,1,2024/9/4 13:41
user_0492,room_002,1,2024/9/4 13:50
user_0487,room_017,1,2024/9/4 14:13
user_0391,room_026,1,2024/9/4 14:22
user_0182,room_023,1,2024/9/4 14:27
user_0801,room_002,5,2024/9/4 14:50
user_0186,room_022,5,2024/9/4 14:54
user_0004,room_007,1,2024/9/4 14:54
user_0677,room_013,5,2024/9/4 14:55
user_0197,room_014,1,2024/9/4 15:01
user_0812,room_011,1,2024/9/4 15:03
user_0639,room_016,1,2024/9/4 15:08
user_0360,room_009,10,2024/9/4 15:14
user_0006,room_018,5,2024/9/4 15:17
user_0183,room_016,1,2024/9/4 15:22
user_0281,room_014,20,2024/9/4 15:23
user_0095,room_026,5,2024/9/4 15:23
user_0541,room_006,20,2024/9/4 15:28
user_0570,room_014,10,2024/9/4 15:42
user_0555,room_018,10,2024/9/4 15:42
user_0056,room_027,5,2024/9/4 15:55
user_0551,room_017,1,2024/9/4 15:58
user_0453,room_011,1,2024/9/4 16:06
user_0078,room_016,1,2024/9/4 16:08
user_0716,room_027,1,2024/9/4 16:12
user_0313,room_006,1,2024/9/4 16:19
user_0768,room_012,20,2024/9/4 16:29
user_0626,room_001,20,2024/9/4 16:43
user_0675,room_016,1,2024/9/4 16:47
user_0641,room_013,1,2024/9/4 17:00
user_0596,room_018,1,2024/9/4 17:00
user_0653,room_028,5,2024/9/4 17:04
user_0886,room_022,10,2024/9/4 17:06
user_0445,room_009,1,2024/9/4 17:08
user_0714,room_026,1,2024/9/4 17:42
user_0700,room_023,1,2024/9/4 17:42
user_0211,room_006,1,2024/9/4 17:43
user_0135,room_024,5,2024/9/4 17:58
user_0091,room_002,1,2024/9/4 18:01
user_0332,room_019,10,2024/9/4 18:02
user_0398,room_012,1,2024/9/4 18:07
user_0090,room_023,1,2024/9/4 18:13
user_0061,room_025,5,2024/9/4 18:27
user_0185,room_018,10,2024/9/4 18:32
user_0822,room_007,5,2024/9/4 18:38
user_0736,room_028,5,2024/9/4 18:41
user_0504,room_012,5,2024/9/4 18:49
user_0513,room_006,1,2024/9/4 19:01
user_0542,room_025,1,2024/9/4 19:33
user_0000,room_019,1,2024/9/4 19:47
user_0301,room_016,1,2024/9/4 19:49
user_0541,room_022,5,2024/9/4 19:53
user_0173,room_015,1,2024/9/4 19:55
user_0961,room_014,100,2024/9/4 20:00
user_0888,room_007,1,2024/9/4 20:03
user_0961,room_007,50,2024/9/4 20:06
user_0857,room_009,5,2024/9/4 20:07
user_0961,room_005,50,2024/9/4 20:08
user_0952,room_005,100,2024/9/4 20:08
user_0952,room_003,200,2024/9/4 20:11
user_0644,room_018,1,2024/9/4 20:14
user_0989,room_003,50,2024/9/4 20:27
user_0952,room_009,50,2024/9/4 20:34
user_0989,room_012,100,2024/9/4 20:44
user_0093,room_025,10,2024/9/4 20:49
user_0399,room_029,1,2024/9/4 20:53
user_0952,room_005,50,2024/9/4 20:55
user_0961,room_005,100,2024/9/4 20:55
user_0956,room_001,50,2024/9/4 21:03
user_0989,room_010,200,2024/9/4 21:03
user_0956,room_001,50,2024/9/4 21:05
user_0989,room_006,50,2024/9/4 21:05
user_0956,room_004,50,2024/9/4 21:05
user_0958,room_009,50,2024/9/4 21:07
user_0887,room_024,1,2024/9/4 21:09
user_0961,room_009,50,2024/9/4 21:12
user_0989,room_010,50,2024/9/4 21:12
user_0111,room_028,5,2024/9/4 21:13
user_0989,room_006,50,2024/9/4 21:14
user_0989,room_004,50,2024/9/4 21:14
user_0952,room_007,200,2024/9/4 21:15
user_0935,room_025,5,2024/9/4 21:17
user_0233,room_021,10,2024/9/4 21:18
user_0505,room_028,1,2024/9/4 21:18
user_0244,room_010,1,2024/9/4 21:23
user_0956,room_003,100,2024/9/4 21:23
user_0077,room_028,1,2024/9/4 21:27
user_0956,room_007,50,2024/9/4 21:36
user_0956,room_013,50,2024/9/4 21:38
user_0956,room_006,200,2024/9/4 21:39
user_0138,room_012,1,2024/9/4 21:40
user_0961,room_001,50,2024/9/4 21:41
user_0180,room_016,5,2024/9/4 21:44
user_0207,room_004,1,2024/9/4 21:57
user_0107,room_020,1,2024/9/4 22:00
user_0108,room_001,1,2024/9/4 22:04
user_0989,room_011,100,2024/9/4 22:07
user_0944,room_026,1,2024/9/4 22:08
user_0121,room_025,1,2024/9/4 22:10
user_0956,room_004,200,2024/9/4 22:11
user_0961,room_002,50,2024/9/4 22:20
user_0952,room_001,100,2024/9/4 22:24
user_0989,room_004,100,2024/9/4 22:27
user_0822,room_003,1,2024/9/4 22:28
user_0482,room_026,10,2024/9/4 22:30
user_0952,room_010,100,2024/9/4 22:37
user_0180,room_001,1,2024/9/4 22:41
user_0989,room_010,50,2024/9/4 22:44
user_0956,room_001,100,2024/9/4 22:47
user_0961,room_014,50,2024/9/4 22:58
user_0920,room_010,1,2024/9/4 23:01
user_0961,room_010,50,2024/9/4 23:01
user_0958,room_006,200,2024/9/4 23:03
user_0961,room_003,100,2024/9/4 23:03
user_0354,room_006,1,2024/9/4 23:06
user_0956,room_011,100,2024/9/4 23:07
user_0956,room_010,100,2024/9/4 23:08
user_0961,room_009,50,2024/9/4 23:09
user_0952,room_014,50,2024/9/4 23:16
user_0952,room_012,100,2024/9/4 23:22
user_0958,room_002,100,2024/9/4 23:27
user_0958,room_005,50,2024/9/4 23:29
user_0956,room_002,100,2024/9/4 23:30
user_0478,room_003,1,2024/9/4 23:31
user_0374,room_021,5,2024/9/4 23:36
user_0437,room_027,1,2024/9/4 23:36
user_0041,room_003,1,2024/9/4 23:36
user_0952,room_006,100,2024/9/4 23:37
user_0956,room_005,50,2024/9/4 23:38
user_0151,room_011,1,2024/9/4 23:40
user_0952,room_013,100,2024/9/4 23:42
user_0956,room_009,200,2024/9/4 23:53
user_0074,room_004,1,2024/9/5 9:02
user_0941,room_020,5,2024/9/5 9:08
user_0585,room_002,1,2024/9/5 9:09
user_0627,room_021,1,2024/9/5 9:10
user_0346,room_021,1,2024/9/5 9:16
user_0228,room_007,1,2024/9/5 9:18
user_0206,room_018,10,2024/9/5 9:28
user_0811,room_010,5,2024/9/5 9:30
user_0663,room_020,5,2024/9/5 9:33
user_0301,room_020,1,2024/9/5 9:35
user_0458,room_012,1,2024/9/5 9:39
user_0781,room_006,1,2024/9/5 9:41
user_0738,room_013,5,2024/9/5 9:43
user_0115,room_019,1,2024/9/5 10:03
user_0178,room_005,20,2024/9/5 10:08
user_0369,room_027,1,2024/9/5 10:10
user_0250,room_018,5,2024/9/5 10:15
user_0215,room_012,1,2024/9/5 10:18
user_0787,room_023,1,2024/9/5 10:44
user_0452,room_025,5,2024/9/5 10:45
user_0546,room_018,1,2024/9/5 10:49
user_0813,room_028,1,2024/9/5 10:52
user_0154,room_012,1,2024/9/5 10:58
user_0764,room_008,1,2024/9/5 11:12
user_0529,room_003,20,2024/9/5 11:12
user_0808,room_003,5,2024/9/5 11:17
user_0394,room_021,5,2024/9/5 11:20
user_0172,room_026,5,2024/9/5 11:34
user_0477,room_015,1,2024/9/5 11:46
user_0191,room_015,5,2024/9/5 11:48
user_0947,room_023,1,2024/9/5 12:08
user_0802,room_029,1,2024/9/5 12:21
user_0081,room_021,5,2024/9/5 12:24
user_0068,room_020,5,2024/9/5 12:26
user_0831,room_029,1,2024/9/5 12:35
user_0282,room_011,1,2024/9/5 12:38
user_0758,room_024,1,2024/9/5 12:41
user_0542,room_027,1,2024/9/5 12:44
user_0803,room_010,1,2024/9/5 12:46
user_0539,room_006,1,2024/9/5 12:46
user_0011,room_024,5,2024/9/5 12:47
user_0395,room_023,1,2024/9/5 12:52
user_0454,room_024,5,2024/9/5 12:52
user_0688,room_027,5,2024/9/5 13:00
user_0298,room_025,5,2024/9/5 13:02
user_0106,room_008,1,2024/9/5 13:02
user_0431,room_010,10,2024/9/5 13:05
user_0047,room_001,5,2024/9/5 13:07
user_0331,room_003,10,2024/9/5 13:12
user_0933,room_010,5,2024/9/5 13:19
user_0831,room_025,1,2024/9/5 13:55
user_0907,room_002,10,2024/9/5 14:15
user_0916,room_025,5,2024/9/5 14:18
user_0937,room_029,5,2024/9/5 14:29
user_0261,room_015,1,2024/9/5 14:41
user_0478,room_018,1,2024/9/5 14:47
user_0529,room_023,5,2024/9/5 14:55
user_0271,room_022,20,2024/9/5 14:55
user_0755,room_012,1,2024/9/5 14:57
user_0165,room_013,1,2024/9/5 15:29
user_0572,room_025,5,2024/9/5 15:38
user_0642,room_010,1,2024/9/5 15:41
user_0857,room_018,1,2024/9/5 15:42
user_0136,room_020,5,2024/9/5 15:55
user_0568,room_001,1,2024/9/5 16:00
user_0134,room_008,1,2024/9/5 16:02
user_0202,room_019,1,2024/9/5 16:04
user_0707,room_003,1,2024/9/5 16:14
user_0617,room_014,1,2024/9/5 16:32
user_0130,room_002,1,2024/9/5 16:34
user_0090,room_015,1,2024/9/5 16:42
user_0316,room_016,10,2024/9/5 16:47
user_0770,room_010,1,2024/9/5 16:53
user_0817,room_007,1,2024/9/5 17:06
user_0292,room_015,1,2024/9/5 17:13
user_0943,room_027,10,2024/9/5 17:14
user_0333,room_027,1,2024/9/5 17:18
user_0432,room_025,5,2024/9/5 17:20
user_0321,room_002,1,2024/9/5 17:26
user_0134,room_015,1,2024/9/5 17:37
user_0232,room_014,5,2024/9/5 17:46
user_0521,room_015,1,2024/9/5 17:48
user_0862,room_009,1,2024/9/5 17:49
user_0686,room_024,1,2024/9/5 17:53
user_0467,room_009,1,2024/9/5 18:12
user_0758,room_025,1,2024/9/5 18:34
user_0410,room_009,1,2024/9/5 18:54
user_0516,room_025,1,2024/9/5 19:11
user_0883,room_003,5,2024/9/5 19:17
user_0266,room_028,10,2024/9/5 19:19
user_0797,room_018,1,2024/9/5 19:29
user_0627,room_012,1,2024/9/5 19:32
user_0335,room_020,10,2024/9/5 19:33
user_0863,room_009,1,2024/9/5 19:40
user_0042,room_001,1,2024/9/5 19:41
user_0609,room_025,1,2024/9/5 19:41
user_0075,room_008,1,2024/9/5 19:44
user_0612,room_006,5,2024/9/5 19:46
user_0832,room_007,5,2024/9/5 19:51
user_0759,room_012,10,2024/9/5 19:59
user_0961,room_011,50,2024/9/5 20:00
user_0522,room_023,1,2024/9/5 20:01
user_0525,room_013,20,2024/9/5 20:16
user_0444,room_024,1,2024/9/5 20:17
user_0405,room_012,1,2024/9/5 20:20
user_0952,room_006,100,2024/9/5 20:21
user_0864,room_026,1,2024/9/5 20:21
user_0282,room_006,1,2024/9/5 20:21
user_0364,room_023,5,2024/9/5 20:24
user_0961,room_009,100,2024/9/5 20:27
user_0694,room_016,10,2024/9/5 20:28
user_0952,room_013,50,2024/9/5 20:29
user_0190,room_022,1,2024/9/5 20:40
user_0952,room_010,100,2024/9/5 20:44
user_0551,room_009,1,2024/9/5 20:46
user_0836,room_024,1,2024/9/5 20:46
user_0810,room_001,1,2024/9/5 20:51
user_0927,room_001,1,2024/9/5 20:54
user_0029,room_023,1,2024/9/5 20:59
user_0956,room_014,200,2024/9/5 21:01
user_0961,room_004,100,2024/9/5 21:05
user_0740,room_019,1,2024/9/5 21:08
user_0956,room_007,50,2024/9/5 21:16
user_0195,room_009,1,2024/9/5 21:16
user_0952,room_001,50,2024/9/5 21:19
user_0272,room_015,1,2024/9/5 21:23
user_0956,room_001,100,2024/9/5 21:26
user_0880,room_011,1,2024/9/5 21:26
user_0156,room_023,1,2024/9/5 21:34
user_0495,room_003,1,2024/9/5 21:44
user_0360,room_028,1,2024/9/5 21:44
user_0511,room_022,1,2024/9/5 21:54
user_0956,room_003,50,2024/9/5 21:54
user_0952,room_001,50,2024/9/5 22:03
user_0128,room_029,1,2024/9/5 22:04
user_0256,room_012,1,2024/9/5 22:04
user_0912,room_027,10,2024/9/5 22:13
user_0929,room_012,1,2024/9/5 22:37
user_0961,room_009,100,2024/9/5 22:44
user_0565,room_001,5,2024/9/5 22:45
user_0952,room_004,50,2024/9/5 22:51
user_0815,room_010,1,2024/9/5 22:57
user_0956,room_007,100,2024/9/5 23:05
user_0277,room_008,10,2024/9/5 23:16
user_0730,room_015,10,2024/9/5 23:19
user_0961,room_004,100,2024/9/5 23:19
user_0952,room_013,50,2024/9/5 23:20
user_0213,room_002,10,2024/9/5 23:22
user_0952,room_008,100,2024/9/5 23:22
user_0167,room_012,5,2024/9/5 23:26
user_0421,room_006,1,2024/9/5 23:26
user_0952,room_008,100,2024/9/5 23:29
user_0952,room_014,50,2024/9/5 23:39
user_0961,room_014,50,2024/9/5 23:39
user_0961,room_014,100,2024/9/5 23:48
user_0956,room_002,50,2024/9/5 23:49
user_0956,room_010,50,2024/9/5 23:50
user_0961,room_002,50,2024/9/5 23:51
user_0261,room_020,1,2024/9/5 23:53
user_0673,room_026,1,2024/9/5 23:54
user_0961,room_003,50,2024/9/5 23:55
user_0686,room_019,1,2024/9/6 9:02
user_0209,room_010,20,2024/9/6 9:15
user_0108,room_011,10,2024/9/6 9:16
user_0462,room_027,1,2024/9/6 9:20
user_0754,room_029,5,2024/9/6 9:22
user_0453,room_020,5,2024/9/6 9:25
user_0544,room_008,1,2024/9/6 9:35
user_0762,room_008,1,2024/9/6 9:48
user_0881,room_027,10,2024/9/6 9:56
user_0434,room_010,5,2024/9/6 10:00
user_0943,room_023,1,2024/9/6 10:13
user_0463,room_004,5,2024/9/6 10:15
user_0511,room_012,1,2024/9/6 10:19
user_0811,room_003,1,2024/9/6 10:19
user_0539,room_014,5,2024/9/6 10:23
user_0550,room_017,1,2024/9/6 10:25
user_0142,room_026,10,2024/9/6 11:11
user_0501,room_018,1,2024/9/6 11:13
user_0368,room_028,1,2024/9/6 11:17
user_0264,room_013,1,2024/9/6 11:20
user_0619,room_008,1,2024/9/6 11:36
user_0387,room_004,5,2024/9/6 11:40
user_0681,room_027,1,2024/9/6 11:54
user_0624,room_007,20,2024/9/6 12:04
user_0796,room_027,5,2024/9/6 12:21
user_0215,room_011,5,2024/9/6 12:21
user_0919,room_012,20,2024/9/6 12:35
user_0603,room_020,1,2024/9/6 12:39
user_0911,room_008,1,2024/9/6 13:07
user_0858,room_002,5,2024/9/6 13:18
user_0822,room_002,5,2024/9/6 13:25
user_0034,room_025,5,2024/9/6 13:29
user_0023,room_019,5,2024/9/6 13:33
user_0125,room_006,1,2024/9/6 13:35
user_0576,room_015,5,2024/9/6 13:43
user_0817,room_027,1,2024/9/6 13:49
user_0436,room_014,1,2024/9/6 13:49
user_0844,room_012,5,2024/9/6 13:50
user_0458,room_009,5,2024/9/6 14:13
user_0680,room_020,1,2024/9/6 14:14
user_0191,room_027,20,2024/9/6 14:19
user_0389,room_028,1,2024/9/6 14:20
user_0209,room_018,5,2024/9/6 14:23
user_0387,room_018,5,2024/9/6 14:35
user_0625,room_027,10,2024/9/6 14:38
user_0760,room_007,10,2024/9/6 14:53
user_0318,room_002,1,2024/9/6 14:54
user_0683,room_006,5,2024/9/6 15:06
user_0770,room_018,5,2024/9/6 15:18
user_0476,room_026,1,2024/9/6 15:19
user_0672,room_029,1,2024/9/6 15:31
user_0653,room_028,1,2024/9/6 15:32
user_0587,room_017,1,2024/9/6 15:34
user_0645,room_028,1,2024/9/6 15:40
user_0313,room_013,10,2024/9/6 15:43
user_0494,room_007,5,2024/9/6 16:02
user_0468,room_010,5,2024/9/6 16:02
user_0861,room_022,1,2024/9/6 16:04
user_0705,room_006,1,2024/9/6 16:05
user_0664,room_023,1,2024/9/6 16:07
user_0098,room_018,1,2024/9/6 16:13
user_0394,room_028,1,2024/9/6 16:18
user_0008,room_025,1,2024/9/6 16:24
user_0847,room_023,1,2024/9/6 16:25
user_0449,room_029,5,2024/9/6 16:29
user_0274,room_016,5,2024/9/6 16:32
user_0247,room_016,1,2024/9/6 16:44
user_0735,room_017,1,2024/9/6 16:52
user_0920,room_002,1,2024/9/6 17:19
user_0709,room_002,10,2024/9/6 17:22
user_0724,room_006,1,2024/9/6 17:25
user_0328,room_008,1,2024/9/6 17:25
user_0931,room_023,5,2024/9/6 17:29
user_0725,room_017,1,2024/9/6 17:38
user_0558,room_020,5,2024/9/6 17:54
user_0937,room_023,10,2024/9/6 18:03
user_0799,room_006,5,2024/9/6 18:07
user_0668,room_028,1,2024/9/6 18:08
user_0477,room_007,1,2024/9/6 18:20
user_0553,room_019,1,2024/9/6 18:24
user_0894,room_002,1,2024/9/6 18:35
user_0687,room_022,10,2024/9/6 18:38
user_0631,room_028,20,2024/9/6 18:42
user_0584,room_029,1,2024/9/6 18:54
user_0487,room_012,1,2024/9/6 18:56
user_0651,room_025,10,2024/9/6 19:02
user_0875,room_023,20,2024/9/6 19:03
user_0073,room_026,1,2024/9/6 19:05
user_0492,room_018,1,2024/9/6 19:18
user_0368,room_019,1,2024/9/6 19:24
user_0649,room_019,10,2024/9/6 19:31
user_0907,room_026,1,2024/9/6 19:35
user_0266,room_005,5,2024/9/6 19:39
user_0374,room_002,1,2024/9/6 19:49
user_0887,room_018,5,2024/9/6 19:59
user_0998,room_001,50,2024/9/6 20:13
user_0998,room_010,50,2024/9/6 20:17
user_0945,room_012,10,2024/9/6 20:19
user_0880,room_027,1,2024/9/6 20:23
user_0473,room_009,1,2024/9/6 20:27
user_0901,room_011,1,2024/9/6 20:29
user_0885,room_005,1,2024/9/6 20:31
user_0812,room_009,1,2024/9/6 20:38
user_0659,room_003,1,2024/9/6 20:43
user_0773,room_026,1,2024/9/6 20:46
user_0952,room_009,100,2024/9/6 20:48
user_0349,room_017,1,2024/9/6 20:50
user_0952,room_006,100,2024/9/6 20:51
user_0079,room_025,10,2024/9/6 20:55
user_0998,room_006,50,2024/9/6 20:57
user_0888,room_016,1,2024/9/6 21:01
user_0998,room_010,100,2024/9/6 21:04
user_0325,room_026,5,2024/9/6 21:08
user_0703,room_007,5,2024/9/6 21:17
user_0116,room_015,10,2024/9/6 21:19
user_0998,room_001,50,2024/9/6 21:20
user_0952,room_007,50,2024/9/6 21:21
user_0998,room_010,50,2024/9/6 21:24
user_0952,room_002,50,2024/9/6 21:31
user_0952,room_003,200,2024/9/6 21:32
user_0844,room_026,1,2024/9/6 21:33
user_0771,room_014,10,2024/9/6 21:37
user_0201,room_016,1,2024/9/6 21:40
user_0012,room_026,1,2024/9/6 21:43
user_0056,room_028,1,2024/9/6 21:44
user_0775,room_028,1,2024/9/6 21:45
user_0998,room_010,100,2024/9/6 21:46
user_0055,room_010,10,2024/9/6 21:51
user_0903,room_024,20,2024/9/6 21:55
user_0662,room_018,1,2024/9/6 21:58
user_0775,room_020,1,2024/9/6 22:09
user_0273,room_021,5,2024/9/6 22:20
user_0952,room_010,50,2024/9/6 22:24
user_0932,room_013,5,2024/9/6 22:24
user_0085,room_019,1,2024/9/6 22:29
user_0524,room_017,5,2024/9/6 22:42
user_0391,room_002,1,2024/9/6 22:43
user_0218,room_001,1,2024/9/6 22:44
user_0917,room_004,1,2024/9/6 22:45
user_0241,room_020,1,2024/9/6 22:49
user_0952,room_012,200,2024/9/6 22:49
user_0952,room_006,50,2024/9/6 22:56
user_0412,room_008,1,2024/9/6 22:59
user_0713,room_012,5,2024/9/6 23:01
user_0952,room_006,50,2024/9/6 23:17
user_0998,room_008,100,2024/9/6 23:17
user_0952,room_004,50,2024/9/6 23:20
user_0482,room_014,10,2024/9/6 23:26
user_0055,room_004,1,2024/9/6 23:26
user_0766,room_024,1,2024/9/6 23:28
user_0952,room_014,50,2024/9/6 23:30
user_0952,room_001,50,2024/9/6 23:31
user_0456,room_009,20,2024/9/6 23:36
user_0952,room_008,100,2024/9/6 23:36
user_0843,room_021,1,2024/9/6 23:37
user_0791,room_006,1,2024/9/6 23:39
user_0998,room_007,50,2024/9/6 23:49
user_0438,room_002,10,2024/9/6 23:54
user_0358,room_029,1,2024/9/6 23:54
user_0349,room_021,1,2024/9/6 23:56
user_0538,room_027,5,2024/9/6 23:58
user_0306,room_022,5,2024/9/6 23:58
user_0855,room_002,20,2024/9/7 9:01
user_0792,room_009,1,2024/9/7 9:07
user_0781,room_020,5,2024/9/7 9:11
user_0291,room_023,5,2024/9/7 9:28
user_0793,room_028,1,2024/9/7 9:40
user_0870,room_019,10,2024/9/7 9:46
user_0649,room_013,1,2024/9/7 9:50
user_0030,room_017,1,2024/9/7 10:06
user_0762,room_024,10,2024/9/7 10:08
user_0082,room_014,1,2024/9/7 10:26
user_0168,room_015,1,2024/9/7 10:54
user_0870,room_025,10,2024/9/7 11:02
user_0624,room_014,1,2024/9/7 11:11
user_0869,room_012,5,2024/9/7 11:35
user_0185,room_017,5,2024/9/7 11:42
user_0566,room_026,5,2024/9/7 12:07
user_0215,room_017,5,2024/9/7 12:08
user_0573,room_012,1,2024/9/7 12:13
user_0722,room_028,1,2024/9/7 12:33
user_0033,room_008,5,2024/9/7 12:34
user_0826,room_016,1,2024/9/7 12:43
user_0481,room_004,10,2024/9/7 12:44
user_0038,room_029,1,2024/9/7 13:13
user_0105,room_006,20,2024/9/7 13:14
user_0513,room_013,5,2024/9/7 13:23
user_0930,room_011,5,2024/9/7 13:30
user_0869,room_016,1,2024/9/7 13:44
user_0388,room_023,1,2024/9/7 13:48
user_0104,room_011,1,2024/9/7 14:07
user_0346,room_023,1,2024/9/7 14:20
user_0610,room_004,1,2024/9/7 14:31
user_0271,room_007,5,2024/9/7 14:38
user_0220,room_008,20,2024/9/7 14:43
user_0181,room_010,1,2024/9/7 15:28
user_0487,room_010,10,2024/9/7 15:44
user_0070,room_029,1,2024/9/7 15:50
user_0409,room_015,1,2024/9/7 15:52
user_0890,room_014,1,2024/9/7 15:57
user_0389,room_002,1,2024/9/7 16:07
user_0409,room_028,20,2024/9/7 16:17
user_0450,room_005,5,2024/9/7 16:19
user_0701,room_016,1,2024/9/7 16:24
user_0566,room_029,1,2024/9/7 16:52
user_0528,room_026,1,2024/9/7 17:07
user_0444,room_025,1,2024/9/7 17:15
user_0809,room_009,1,2024/9/7 17:22
user_0123,room_014,1,2024/9/7 17:23
user_0645,room_006,1,2024/9/7 17:25
user_0424,room_005,1,2024/9/7 17:38
user_0323,room_007,10,2024/9/7 18:04
user_0543,room_001,1,2024/9/7 18:12
user_0171,room_027,1,2024/9/7 18:13
user_0151,room_002,5,2024/9/7 18:16
user_0354,room_029,1,2024/9/7 18:33
user_0925,room_005,1,2024/9/7 18:33
user_0374,room_019,1,2024/9/7 18:34
user_0846,room_002,1,2024/9/7 18:46
user_0581,room_027,1,2024/9/7 18:55
user_0054,room_017,1,2024/9/7 19:15
user_0587,room_027,1,2024/9/7 19:21
user_0420,room_026,5,2024/9/7 19:47
user_0006,room_017,1,2024/9/7 20:04
user_0343,room_027,1,2024/9/7 20:07
user_0788,room_023,1,2024/9/7 20:13
user_0794,room_024,1,2024/9/7 20:18
user_0998,room_010,200,2024/9/7 20:19
user_0998,room_010,100,2024/9/7 20:20
user_0998,room_013,50,2024/9/7 20:22
user_0533,room_023,1,2024/9/7 20:23
user_0105,room_008,5,2024/9/7 20:30
user_0889,room_025,1,2024/9/7 20:43
user_0813,room_029,1,2024/9/7 20:48
user_0442,room_021,1,2024/9/7 20:57
user_0998,room_006,50,2024/9/7 20:59
user_0879,room_012,1,2024/9/7 21:02
user_0998,room_002,50,2024/9/7 21:05
user_0309,room_021,1,2024/9/7 21:07
user_0469,room_005,1,2024/9/7 21:08
user_0998,room_012,100,2024/9/7 21:12
user_0316,room_003,5,2024/9/7 21:15
user_0998,room_007,50,2024/9/7 21:25
user_0268,room_019,1,2024/9/7 21:36
user_0587,room_003,1,2024/9/7 21:39
user_0873,room_028,5,2024/9/7 21:41
user_0998,room_012,100,2024/9/7 21:42
user_0905,room_021,5,2024/9/7 21:43
user_0998,room_006,50,2024/9/7 21:44
user_0908,room_029,1,2024/9/7 21:47
user_0401,room_009,1,2024/9/7 21:47
user_0342,room_020,10,2024/9/7 21:48
user_0998,room_012,50,2024/9/7 21:53
user_0090,room_002,1,2024/9/7 22:01
user_0824,room_021,1,2024/9/7 22:08
user_0402,room_003,1,2024/9/7 22:13
user_0674,room_008,5,2024/9/7 22:16
user_0730,room_027,1,2024/9/7 22:20
user_0036,room_016,1,2024/9/7 22:25
user_0082,room_002,1,2024/9/7 22:26
user_0998,room_009,100,2024/9/7 22:48
user_0342,room_013,10,2024/9/7 22:58
user_0998,room_008,100,2024/9/7 22:58
user_0998,room_013,100,2024/9/7 23:02
user_0616,room_022,10,2024/9/7 23:02
user_0998,room_001,100,2024/9/7 23:13
user_0998,room_011,200,2024/9/7 23:30
user_0998,room_005,100,2024/9/7 23:30
user_0127,room_020,1,2024/9/7 23:38
user_0891,room_006,5,2024/9/7 23:39
user_0998,room_007,50,2024/9/7 23:41
user_0910,room_022,1,2024/9/7 23:56
user_0627,room_004,1,2024/9/8 9:08
user_0312,room_021,1,2024/9/8 9:16
user_0765,room_010,1,2024/9/8 9:26
user_0313,room_010,5,2024/9/8 9:42
user_0254,room_023,1,2024/9/8 10:01
user_0917,room_016,1,2024/9/8 10:02
user_0490,room_007,1,2024/9/8 10:03
user_0201,room_008,10,2024/9/8 10:09
user_0259,room_023,10,2024/9/8 10:12
user_0889,room_021,1,2024/9/8 10:15
user_0609,room_020,1,2024/9/8 10:18
user_0890,room_008,1,2024/9/8 10:30
user_0104,room_016,1,2024/9/8 10:46
user_0443,room_010,5,2024/9/8 11:00
user_0273,room_013,20,2024/9/8 11:06
user_0509,room_003,10,2024/9/8 11:19
user_0485,room_007,1,2024/9/8 11:28
user_0315,room_024,1,2024/9/8 11:30
user_0586,room_011,5,2024/9/8 11:33
user_0112,room_003,1,2024/9/8 11:35
user_0883,room_019,5,2024/9/8 11:39
user_0598,room_024,1,2024/9/8 11:47
user_0000,room_021,1,2024/9/8 11:47
user_0170,room_024,10,2024/9/8 11:50
user_0077,room_024,1,2024/9/8 11:51
user_0300,room_010,5,2024/9/8 12:03
user_0742,room_003,1,2024/9/8 12:04
user_0332,room_006,20,2024/9/8 12:04
user_0778,room_005,1,2024/9/8 12:37
user_0539,room_017,5,2024/9/8 12:46
user_0057,room_001,1,2024/9/8 12:52
user_0660,room_003,1,2024/9/8 12:53
user_0690,room_008,5,2024/9/8 13:05
user_0234,room_006,10,2024/9/8 13:07
user_0340,room_028,5,2024/9/8 13:13
user_0042,room_026,5,2024/9/8 13:25
user_0572,room_024,10,2024/9/8 13:25
user_0085,room_005,20,2024/9/8 13:27
user_0516,room_011,5,2024/9/8 13:38
user_0028,room_008,1,2024/9/8 13:42
user_0295,room_003,1,2024/9/8 13:49
user_0335,room_028,10,2024/9/8 13:56
user_0647,room_007,1,2024/9/8 14:05
user_0526,room_017,5,2024/9/8 14:14
user_0559,room_003,1,2024/9/8 14:17
user_0452,room_007,1,2024/9/8 14:25
user_0513,room_020,10,2024/9/8 14:31
user_0227,room_004,5,2024/9/8 15:05
user_0757,room_010,5,2024/9/8 15:15
user_0335,room_006,5,2024/9/8 15:19
user_0148,room_019,1,2024/9/8 15:36
user_0331,room_016,10,2024/9/8 16:22
user_0382,room_025,1,2024/9/8 16:23
user_0074,room_019,5,2024/9/8 16:39
user_0219,room_029,10,2024/9/8 16:39
user_0837,room_008,1,2024/9/8 16:40
user_0886,room_020,1,2024/9/8 16:49
user_0143,room_021,5,2024/9/8 16:58
user_0819,room_019,1,2024/9/8 17:10
user_0443,room_009,1,2024/9/8 17:22
user_0722,room_015,5,2024/9/8 17:24
user_0141,room_009,1,2024/9/8 17:26
user_0196,room_017,1,2024/9/8 17:35
user_0422,room_028,5,2024/9/8 17:38
user_0001,room_024,5,2024/9/8 17:38
user_0653,room_025,1,2024/9/8 18:12
user_0762,room_006,1,2024/9/8 18:14
user_0173,room_027,1,2024/9/8 18:20
user_0466,room_010,1,2024/9/8 18:20
user_0368,room_001,10,2024/9/8 18:33
user_0041,room_025,1,2024/9/8 18:38
user_0718,room_016,5,2024/9/8 18:45
user_0150,room_020,1,2024/9/8 18:51
user_0359,room_015,10,2024/9/8 18:53
user_0763,room_012,5,2024/9/8 19:01
user_0089,room_028,20,2024/9/8 19:04
user_0115,room_007,1,2024/9/8 19:09
user_0515,room_017,5,2024/9/8 19:13
user_0300,room_013,1,2024/9/8 19:14
user_0682,room_004,5,2024/9/8 19:16
user_0074,room_017,10,2024/9/8 19:19
user_0846,room_026,5,2024/9/8 19:28
user_0523,room_004,1,2024/9/8 19:34
user_0478,room_015,1,2024/9/8 19:36
user_0380,room_005,5,2024/9/8 19:42
user_0138,room_012,5,2024/9/8 19:43
user_0461,room_020,1,2024/9/8 19:51
user_0555,room_018,20,2024/9/8 19:55
user_0333,room_013,20,2024/9/8 20:02
user_0970,room_010,100,2024/9/8 20:03
user_0289,room_019,10,2024/9/8 20:03
user_0970,room_005,50,2024/9/8 20:06
user_0997,room_007,50,2024/9/8 20:09
user_0236,room_011,1,2024/9/8 20:09
user_0997,room_003,200,2024/9/8 20:09
user_0993,room_014,200,2024/9/8 20:14
user_0993,room_012,50,2024/9/8 20:14
user_0660,room_028,20,2024/9/8 20:15
user_0685,room_023,10,2024/9/8 20:18
user_0791,room_012,5,2024/9/8 20:18
user_0099,room_025,10,2024/9/8 20:26
user_0099,room_010,5,2024/9/8 20:30
user_0438,room_003,1,2024/9/8 20:32
user_0993,room_014,50,2024/9/8 20:34
user_0993,room_008,100,2024/9/8 20:34
user_0970,room_003,200,2024/9/8 20:35
user_0997,room_008,50,2024/9/8 20:36
user_0998,room_012,50,2024/9/8 20:38
user_0578,room_002,5,2024/9/8 20:41
user_0853,room_004,1,2024/9/8 20:43
user_0970,room_014,100,2024/9/8 20:49
user_0970,room_007,50,2024/9/8 20:58
user_0993,room_007,200,2024/9/8 21:11
user_0074,room_025,1,2024/9/8 21:12
user_0998,room_003,200,2024/9/8 21:20
user_0970,room_006,50,2024/9/8 21:21
user_0187,room_004,5,2024/9/8 21:27
user_0097,room_014,1,2024/9/8 21:29
user_0998,room_011,200,2024/9/8 21:30
user_0663,room_007,5,2024/9/8 21:36
user_0997,room_013,50,2024/9/8 21:45
user_0997,room_005,50,2024/9/8 21:49
user_0997,room_006,200,2024/9/8 21:49
user_0270,room_028,5,2024/9/8 21:51
user_0925,room_008,1,2024/9/8 21:59
user_0329,room_021,1,2024/9/8 22:00
user_0009,room_008,1,2024/9/8 22:02
user_0993,room_014,50,2024/9/8 22:07
user_0993,room_009,100,2024/9/8 22:09
user_0997,room_003,200,2024/9/8 22:10
user_0997,room_002,50,2024/9/8 22:18
user_0993,room_003,50,2024/9/8 22:21
user_0993,room_008,100,2024/9/8 22:22
user_0997,room_003,50,2024/9/8 22:24
user_0630,room_026,5,2024/9/8 22:26
user_0226,room_016,5,2024/9/8 22:28
user_0970,room_013,50,2024/9/8 22:33
user_0997,room_011,100,2024/9/8 22:36
user_0660,room_014,1,2024/9/8 22:39
user_0993,room_009,50,2024/9/8 22:40
user_0970,room_014,200,2024/9/8 22:53
user_0970,room_007,50,2024/9/8 22:54
user_0273,room_017,1,2024/9/8 22:57
user_0333,room_027,5,2024/9/8 22:58
user_0034,room_029,1,2024/9/8 22:59
user_0521,room_022,1,2024/9/8 23:03
user_0998,room_003,200,2024/9/8 23:06
user_0998,room_005,200,2024/9/8 23:07
user_0993,room_012,200,2024/9/8 23:09
user_0970,room_001,50,2024/9/8 23:20
user_0997,room_014,100,2024/9/8 23:20
user_0997,room_014,50,2024/9/8 23:32
user_0165,room_027,10,2024/9/8 23:34
user_0781,room_021,5,2024/9/8 23:35
user_0880,room_007,5,2024/9/8 23:37
user_0970,room_003,50,2024/9/8 23:37
user_0993,room_002,100,2024/9/8 23:48
user_0998,room_012,50,2024/9/8 23:52
user_0640,room_022,1,2024/9/8 23:54
user_0078,room_029,1,2024/9/8 23:54
user_0444,room_027,5,2024/9/8 23:54
user_0998,room_003,100,2024/9/8 23:54
user_0998,room_012,200,2024/9/8 23:55
user_0896,room_024,1,2024/9/8 23:59
user_0049,room_023,1,2024/9/9 9:00
user_0909,room_024,1,2024/9/9 9:04
user_0949,room_016,1,2024/9/9 9:04
user_0189,room_002,20,2024/9/9 9:11
user_0886,room_025,1,2024/9/9 9:12
user_0584,room_015,1,2024/9/9 9:21
user_0717,room_016,20,2024/9/9 9:23
user_0777,room_021,1,2024/9/9 9:29
user_0749,room_026,5,2024/9/9 9:29
user_0335,room_012,20,2024/9/9 9:35
user_0150,room_008,1,2024/9/9 9:36
user_0222,room_026,10,2024/9/9 9:41
user_0062,room_024,10,2024/9/9 9:45
user_0462,room_010,5,2024/9/9 9:51
user_0357,room_014,1,2024/9/9 9:59
user_0365,room_009,1,2024/9/9 10:08
user_0608,room_026,1,2024/9/9 10:12
user_0010,room_003,5,2024/9/9 10:13
user_0656,room_018,5,2024/9/9 10:24
user_0299,room_005,5,2024/9/9 11:06
user_0893,room_016,10,2024/9/9 11:07
user_0004,room_019,1,2024/9/9 11:13
user_0363,room_026,10,2024/9/9 11:24
user_0762,room_018,5,2024/9/9 11:49
user_0577,room_007,1,2024/9/9 11:53
user_0640,room_021,1,2024/9/9 12:00
user_0201,room_028,5,2024/9/9 12:11
user_0382,room_006,1,2024/9/9 12:32
user_0265,room_028,1,2024/9/9 12:40
user_0193,room_029,5,2024/9/9 12:48
user_0494,room_017,5,2024/9/9 12:53
user_0232,room_011,5,2024/9/9 12:53
user_0842,room_019,1,2024/9/9 13:08
user_0104,room_006,1,2024/9/9 13:16
user_0643,room_018,1,2024/9/9 13:36
user_0851,room_010,1,2024/9/9 13:51
user_0122,room_026,1,2024/9/9 14:07
user_0620,room_003,5,2024/9/9 14:14
user_0937,room_017,5,2024/9/9 14:26
user_0059,room_023,1,2024/9/9 14:41
user_0733,room_024,1,2024/9/9 14:56
user_0800,room_007,5,2024/9/9 15:05
user_0460,room_023,1,2024/9/9 15:08
user_0505,room_021,5,2024/9/9 15:09
user_0765,room_016,1,2024/9/9 15:14
user_0505,room_023,5,2024/9/9 15:41
user_0517,room_024,1,2024/9/9 15:57
user_0494,room_007,1,2024/9/9 16:29
user_0666,room_023,1,2024/9/9 16:39
user_0542,room_003,10,2024/9/9 16:44
user_0640,room_009,5,2024/9/9 16:49
user_0147,room_028,5,2024/9/9 16:54
user_0458,room_017,1,2024/9/9 16:56
user_0226,room_028,1,2024/9/9 16:57
user_0098,room_025,5,2024/9/9 17:00
user_0435,room_008,1,2024/9/9 17:04
user_0595,room_020,10,2024/9/9 17:04
user_0160,room_027,10,2024/9/9 17:07
user_0352,room_022,5,2024/9/9 17:18
user_0295,room_001,1,2024/9/9 17:19
user_0748,room_020,1,2024/9/9 17:30
user_0048,room_016,20,2024/9/9 17:31
user_0495,room_025,5,2024/9/9 18:03
user_0543,room_021,10,2024/9/9 18:38
user_0178,room_018,1,2024/9/9 18:40
user_0781,room_017,1,2024/9/9 18:40
user_0422,room_013,1,2024/9/9 19:05
user_0546,room_016,1,2024/9/9 19:14
user_0519,room_009,5,2024/9/9 19:20
user_0643,room_029,1,2024/9/9 19:25
user_0516,room_015,1,2024/9/9 19:26
user_0289,room_022,1,2024/9/9 19:50
user_0389,room_019,1,2024/9/9 19:55
user_0237,room_008,1,2024/9/9 20:01
user_0987,room_012,50,2024/9/9 20:04
user_0987,room_014,50,2024/9/9 20:05
user_0992,room_014,100,2024/9/9 20:08
user_0970,room_014,50,2024/9/9 20:19
user_0970,room_011,50,2024/9/9 20:21
user_0997,room_007,100,2024/9/9 20:23
user_0992,room_013,50,2024/9/9 20:24
user_0992,room_001,50,2024/9/9 20:27
user_0997,room_006,50,2024/9/9 20:31
user_0993,room_013,200,2024/9/9 20:32
user_0436,room_004,5,2024/9/9 20:36
user_0105,room_024,1,2024/9/9 20:37
user_0693,room_022,1,2024/9/9 20:39
user_0905,room_014,1,2024/9/9 20:39
user_0970,room_002,100,2024/9/9 20:40
user_0189,room_017,1,2024/9/9 20:48
user_0993,room_001,100,2024/9/9 20:57
user_0008,room_028,1,2024/9/9 20:59
user_0407,room_002,1,2024/9/9 20:59
user_0993,room_001,100,2024/9/9 21:00
user_0794,room_003,1,2024/9/9 21:04
user_0970,room_001,50,2024/9/9 21:06
user_0173,room_005,1,2024/9/9 21:11
user_0992,room_003,50,2024/9/9 21:12
user_0993,room_009,200,2024/9/9 21:15
user_0670,room_025,5,2024/9/9 21:15
user_0733,room_026,1,2024/9/9 21:19
user_0987,room_003,50,2024/9/9 21:20
user_0970,room_007,100,2024/9/9 21:21
user_0987,room_009,50,2024/9/9 21:24
user_0651,room_017,5,2024/9/9 21:25
user_0354,room_019,1,2024/9/9 21:25
user_0742,room_023,5,2024/9/9 21:27
user_0862,room_019,1,2024/9/9 21:28
user_0398,room_018,10,2024/9/9 21:34
user_0987,room_007,100,2024/9/9 21:42
user_0128,room_007,1,2024/9/9 21:50
user_0576,room_022,1,2024/9/9 21:50
user_0114,room_015,1,2024/9/9 21:50
user_0348,room_009,1,2024/9/9 21:52
user_0129,room_029,5,2024/9/9 22:00
user_0992,room_010,50,2024/9/9 22:01
user_0799,room_024,1,2024/9/9 22:01
user_0992,room_007,100,2024/9/9 22:01
user_0439,room_005,5,2024/9/9 22:04
user_0088,room_023,5,2024/9/9 22:05
user_0997,room_010,100,2024/9/9 22:05
user_0993,room_011,100,2024/9/9 22:14
user_0860,room_008,1,2024/9/9 22:16
user_0354,room_026,10,2024/9/9 22:22
user_0997,room_010,50,2024/9/9 22:23
user_0612,room_012,1,2024/9/9 22:23
user_0997,room_004,50,2024/9/9 22:30
user_0993,room_006,50,2024/9/9 22:38
user_0709,room_021,1,2024/9/9 22:53
user_0997,room_009,50,2024/9/9 22:56
user_0997,room_002,100,2024/9/9 23:02
user_0992,room_012,50,2024/9/9 23:05
user_0970,room_007,50,2024/9/9 23:06
user_0993,room_014,50,2024/9/9 23:09
user_0628,room_013,5,2024/9/9 23:11
user_0522,room_022,5,2024/9/9 23:26
user_0997,room_010,50,2024/9/9 23:26
user_0097,room_002,5,2024/9/9 23:28
user_0681,room_006,1,2024/9/9 23:28
user_0357,room_012,10,2024/9/9 23:34
user_0731,room_026,1,2024/9/9 23:35
user_0008,room_028,1,2024/9/9 23:40
user_0997,room_009,50,2024/9/9 23:41
user_0992,room_008,50,2024/9/9 23:43
user_0987,room_009,200,2024/9/9 23:45
user_0970,room_005,100,2024/9/9 23:50
user_0037,room_006,1,2024/9/9 23:50
user_0970,room_011,50,2024/9/9 23:51
user_0992,room_006,100,2024/9/9 23:58
user_0048,room_028,5,2024/9/9 23:58
user_0194,room_026,5,2024/9/10 9:14
user_0827,room_007,1,2024/9/10 9:23
user_0515,room_019,1,2024/9/10 9:24
user_0736,room_020,1,2024/9/10 9:46
user_0911,room_018,5,2024/9/10 10:06
user_0392,room_017,5,2024/9/10 10:11
user_0657,room_023,1,2024/9/10 10:25
user_0525,room_011,1,2024/9/10 10:30
user_0432,room_024,20,2024/9/10 10:32
user_0297,room_004,1,2024/9/10 10:36
user_0693,room_029,1,2024/9/10 10:40
user_0204,room_027,5,2024/9/10 10:41
user_0105,room_011,10,2024/9/10 10:53
user_0840,room_017,10,2024/9/10 11:02
user_0537,room_009,10,2024/9/10 11:04
user_0537,room_015,1,2024/9/10 11:06
user_0347,room_025,5,2024/9/10 11:12
user_0745,room_010,10,2024/9/10 11:22
user_0417,room_025,10,2024/9/10 11:24
user_0359,room_015,1,2024/9/10 11:36
user_0929,room_007,1,2024/9/10 11:51
user_0376,room_004,1,2024/9/10 12:16
user_0081,room_009,1,2024/9/10 12:17
user_0147,room_014,1,2024/9/10 12:24
user_0601,room_011,20,2024/9/10 12:47
user_0578,room_007,5,2024/9/10 12:48
user_0345,room_019,20,2024/9/10 13:23
user_0368,room_003,1,2024/9/10 13:31
user_0794,room_019,1,2024/9/10 13:32
user_0808,room_028,5,2024/9/10 13:34
user_0453,room_019,5,2024/9/10 13:52
user_0509,room_018,20,2024/9/10 13:53
user_0447,room_023,1,2024/9/10 13:54
user_0441,room_023,5,2024/9/10 14:05
user_0195,room_025,1,2024/9/10 14:07
user_0472,room_019,5,2024/9/10 14:08
user_0714,room_009,5,2024/9/10 14:26
user_0372,room_005,20,2024/9/10 14:38
user_0154,room_012,5,2024/9/10 14:47
user_0812,room_017,1,2024/9/10 14:52
user_0244,room_019,10,2024/9/10 14:55
user_0053,room_016,1,2024/9/10 14:57
user_0784,room_026,1,2024/9/10 14:58
user_0236,room_023,1,2024/9/10 15:00
user_0867,room_018,1,2024/9/10 15:03
user_0014,room_013,1,2024/9/10 15:10
user_0935,room_005,20,2024/9/10 15:11
user_0368,room_002,1,2024/9/10 15:24
user_0345,room_026,20,2024/9/10 15:29
user_0789,room_020,5,2024/9/10 15:38
user_0024,room_006,1,2024/9/10 15:42
user_0542,room_005,1,2024/9/10 15:42
user_0912,room_008,1,2024/9/10 15:43
user_0260,room_003,5,2024/9/10 15:45
user_0905,room_003,1,2024/9/10 15:48
user_0383,room_013,1,2024/9/10 15:58
user_0274,room_029,1,2024/9/10 16:01
user_0582,room_023,1,2024/9/10 16:11
user_0042,room_022,1,2024/9/10 16:20
user_0769,room_025,1,2024/9/10 16:25
user_0932,room_018,1,2024/9/10 16:35
user_0910,room_012,1,2024/9/10 16:39
user_0177,room_008,10,2024/9/10 16:41
user_0761,room_005,1,2024/9/10 16:47
user_0369,room_005,1,2024/9/10 16:50
user_0124,room_009,1,2024/9/10 16:56
user_0277,room_008,1,2024/9/10 17:00
user_0214,room_011,10,2024/9/10 17:24
user_0932,room_004,5,2024/9/10 17:31
user_0073,room_029,1,2024/9/10 17:42
user_0708,room_022,5,2024/9/10 17:44
user_0838,room_015,1,2024/9/10 18:03
user_0598,room_003,1,2024/9/10 18:05
user_0894,room_016,1,2024/9/10 18:10
user_0047,room_006,1,2024/9/10 18:13
user_0689,room_016,5,2024/9/10 18:14
user_0810,room_022,1,2024/9/10 18:15
user_0404,room_002,1,2024/9/10 18:17
user_0286,room_018,1,2024/9/10 18:21
user_0111,room_003,1,2024/9/10 18:39
user_0310,room_004,1,2024/9/10 18:43
user_0312,room_003,1,2024/9/10 18:46
user_0949,room_018,1,2024/9/10 19:00
user_0303,room_006,1,2024/9/10 19:03
user_0608,room_009,20,2024/9/10 19:04
user_0519,room_023,10,2024/9/10 19:06
user_0101,room_009,1,2024/9/10 19:37
user_0814,room_015,1,2024/9/10 19:41
user_0213,room_005,1,2024/9/10 19:44
user_0691,room_001,1,2024/9/10 19:47
user_0599,room_004,5,2024/9/10 19:56
user_0970,room_002,100,2024/9/10 20:01
user_0993,room_008,200,2024/9/10 20:01
user_0298,room_016,1,2024/9/10 20:05
user_0981,room_001,50,2024/9/10 20:06
user_0992,room_011,100,2024/9/10 20:07
user_0314,room_004,1,2024/9/10 20:07
user_0993,room_014,50,2024/9/10 20:12
user_0295,room_010,5,2024/9/10 20:13
user_0680,room_025,5,2024/9/10 20:17
user_0129,room_029,1,2024/9/10 20:19
user_0981,room_013,50,2024/9/10 20:24
user_0433,room_027,1,2024/9/10 20:27
user_0987,room_008,100,2024/9/10 20:27
user_0970,room_013,50,2024/9/10 20:29
user_0970,room_001,100,2024/9/10 20:29
user_0993,room_001,50,2024/9/10 20:31
user_0648,room_003,1,2024/9/10 20:38
user_0981,room_007,100,2024/9/10 20:38
user_0997,room_004,50,2024/9/10 20:39
user_0414,room_026,20,2024/9/10 20:44
user_0373,room_013,5,2024/9/10 20:44
user_0997,room_010,200,2024/9/10 20:47
user_0776,room_005,10,2024/9/10 20:49
user_0970,room_001,100,2024/9/10 20:50
user_0993,room_010,50,2024/9/10 20:50
user_0800,room_015,1,2024/9/10 20:54
user_0255,room_019,1,2024/9/10 20:58
user_0363,room_003,1,2024/9/10 21:15
user_0203,room_008,10,2024/9/10 21:17
user_0992,room_002,100,2024/9/10 21:20
user_0987,room_013,50,2024/9/10 21:22
user_0987,room_009,50,2024/9/10 21:28
user_0997,room_011,100,2024/9/10 21:28
user_0992,room_011,100,2024/9/10 21:29
user_0981,room_011,100,2024/9/10 21:30
user_0997,room_012,50,2024/9/10 21:32
user_0992,room_006,100,2024/9/10 21:37
user_0597,room_004,20,2024/9/10 21:43
user_0424,room_016,1,2024/9/10 21:44
user_0992,room_003,50,2024/9/10 21:46
user_0219,room_024,1,2024/9/10 21:47
user_0981,room_004,200,2024/9/10 21:48
user_0150,room_020,1,2024/9/10 21:51
user_0992,room_007,50,2024/9/10 21:52
user_0440,room_015,1,2024/9/10 21:54
user_0981,room_008,100,2024/9/10 21:55
user_0992,room_011,100,2024/9/10 21:56
user_0598,room_029,5,2024/9/10 21:59
user_0400,room_010,1,2024/9/10 22:02
user_0265,room_028,5,2024/9/10 22:05
user_0257,room_023,1,2024/9/10 22:10
user_0711,room_008,1,2024/9/10 22:16
user_0987,room_008,200,2024/9/10 22:27
user_0997,room_009,200,2024/9/10 22:28
user_0981,room_001,50,2024/9/10 22:28
user_0932,room_013,5,2024/9/10 22:37
user_0970,room_010,100,2024/9/10 22:37
user_0993,room_004,100,2024/9/10 22:39
user_0981,room_003,50,2024/9/10 22:42
user_0093,room_003,1,2024/9/10 22:43
user_0981,room_009,50,2024/9/10 22:43
user_0981,room_008,50,2024/9/10 22:44
user_0981,room_001,100,2024/9/10 22:48
user_0057,room_012,1,2024/9/10 22:50
user_0987,room_012,50,2024/9/10 22:54
user_0993,room_014,200,2024/9/10 22:54
user_0981,room_011,100,2024/9/10 22:55
user_0140,room_014,1,2024/9/10 23:01
user_0970,room_004,100,2024/9/10 23:04
user_0997,room_006,100,2024/9/10 23:06
user_0981,room_009,100,2024/9/10 23:07
user_0970,room_007,50,2024/9/10 23:14
user_0997,room_009,200,2024/9/10 23:15
user_0189,room_009,1,2024/9/10 23:21
user_0987,room_013,200,2024/9/10 23:32
user_0561,room_015,1,2024/9/10 23:32
user_0757,room_026,5,2024/9/10 23:38
user_0993,room_003,50,2024/9/10 23:43
user_0970,room_012,100,2024/9/10 23:48
user_0993,room_008,100,2024/9/10 23:52
user_0576,room_004,1,2024/9/10 23:54
user_0358,room_013,5,2024/9/11 9:13
user_0095,room_012,1,2024/9/11 9:54
user_0392,room_021,5,2024/9/11 10:15
user_0385,room_022,5,2024/9/11 10:19
user_0210,room_002,1,2024/9/11 10:21
user_0739,room_019,1,2024/9/11 10:30
user_0027,room_008,1,2024/9/11 10:32
user_0658,room_028,1,2024/9/11 10:35
user_0760,room_005,5,2024/9/11 10:35
user_0878,room_013,5,2024/9/11 10:43
user_0621,room_003,5,2024/9/11 10:45
user_0567,room_007,20,2024/9/11 10:48
user_0893,room_029,1,2024/9/11 11:02
user_0428,room_004,1,2024/9/11 11:24
user_0284,room_004,5,2024/9/11 11:25
user_0293,room_001,1,2024/9/11 11:29
user_0478,room_016,1,2024/9/11 11:40
user_0701,room_024,5,2024/9/11 11:40
user_0309,room_003,1,2024/9/11 11:46
user_0545,room_028,5,2024/9/11 12:00
user_0807,room_013,1,2024/9/11 12:12
user_0200,room_026,5,2024/9/11 12:21
user_0347,room_021,1,2024/9/11 12:24
user_0439,room_025,1,2024/9/11 12:26
user_0273,room_005,1,2024/9/11 12:29
user_0088,room_012,5,2024/9/11 12:29
user_0747,room_009,1,2024/9/11 12:47
user_0274,room_004,10,2024/9/11 12:48
user_0820,room_029,10,2024/9/11 12:52
user_0894,room_018,1,2024/9/11 12:56
user_0486,room_016,5,2024/9/11 13:06
user_0859,room_017,10,2024/9/11 13:10
user_0676,room_020,5,2024/9/11 13:23
user_0098,room_025,5,2024/9/11 13:56
user_0342,room_019,10,2024/9/11 13:58
user_0365,room_028,1,2024/9/11 14:06
user_0920,room_029,10,2024/9/11 14:09
user_0666,room_001,1,2024/9/11 14:11
user_0659,room_027,1,2024/9/11 14:13
user_0527,room_020,1,2024/9/11 14:16
user_0587,room_017,1,2024/9/11 14:18
user_0796,room_027,1,2024/9/11 14:25
user_0744,room_024,5,2024/9/11 14:38
user_0665,room_025,1,2024/9/11 14:39
user_0680,room_017,1,2024/9/11 14:41
user_0121,room_008,1,2024/9/11 14:42
user_0088,room_012,1,2024/9/11 14:48
user_0564,room_005,1,2024/9/11 14:53
user_0416,room_006,1,2024/9/11 14:56
user_0081,room_027,5,2024/9/11 14:57
user_0549,room_008,1,2024/9/11 14:57
user_0449,room_025,1,2024/9/11 15:07
user_0291,room_011,1,2024/9/11 15:09
user_0611,room_007,1,2024/9/11 15:10
user_0462,room_009,1,2024/9/11 15:17
user_0839,room_023,5,2024/9/11 15:22
user_0529,room_025,20,2024/9/11 15:36
user_0896,room_014,5,2024/9/11 15:37
user_0914,room_007,1,2024/9/11 15:37
user_0061,room_005,5,2024/9/11 15:38
user_0178,room_003,1,2024/9/11 15:38
user_0767,room_008,10,2024/9/11 15:39
user_0799,room_007,1,2024/9/11 15:40
user_0121,room_008,10,2024/9/11 15:44
user_0547,room_009,5,2024/9/11 15:47
user_0297,room_007,5,2024/9/11 16:22
user_0071,room_010,5,2024/9/11 16:28
user_0757,room_022,1,2024/9/11 16:34
user_0823,room_029,10,2024/9/11 16:41
user_0662,room_015,1,2024/9/11 16:57
user_0904,room_011,1,2024/9/11 17:02
user_0580,room_009,1,2024/9/11 17:03
user_0591,room_012,1,2024/9/11 17:05
user_0555,room_001,10,2024/9/11 17:33
user_0798,room_025,10,2024/9/11 17:34
user_0410,room_027,1,2024/9/11 17:36
user_0707,room_029,10,2024/9/11 17:50
user_0571,room_008,5,2024/9/11 17:56
user_0917,room_022,1,2024/9/11 18:08
user_0728,room_021,1,2024/9/11 18:15
user_0118,room_013,1,2024/9/11 18:16
user_0066,room_029,10,2024/9/11 18:20
user_0390,room_002,5,2024/9/11 18:24
user_0197,room_008,5,2024/9/11 18:27
user_0926,room_021,1,2024/9/11 18:38
user_0486,room_016,1,2024/9/11 18:39
user_0136,room_007,5,2024/9/11 18:44
user_0775,room_012,1,2024/9/11 18:55
user_0526,room_020,1,2024/9/11 19:05
user_0340,room_006,10,2024/9/11 19:05
user_0385,room_021,1,2024/9/11 19:06
user_0286,room_028,1,2024/9/11 19:07
user_0182,room_011,1,2024/9/11 19:16
user_0253,room_029,5,2024/9/11 19:17
user_0257,room_016,1,2024/9/11 19:22
user_0678,room_013,1,2024/9/11 19:32
user_0915,room_003,1,2024/9/11 19:41
user_0085,room_023,5,2024/9/11 19:43
user_0742,room_009,5,2024/9/11 19:59
user_0665,room_028,1,2024/9/11 20:00
user_0981,room_011,100,2024/9/11 20:00
user_0981,room_008,50,2024/9/11 20:00
user_0800,room_026,5,2024/9/11 20:02
user_0976,room_014,50,2024/9/11 20:03
user_0713,room_014,1,2024/9/11 20:04
user_0924,room_021,20,2024/9/11 20:07
user_0574,room_008,1,2024/9/11 20:07
user_0976,room_009,50,2024/9/11 20:11
user_0470,room_008,1,2024/9/11 20:11
user_0507,room_027,10,2024/9/11 20:15
user_0403,room_018,1,2024/9/11 20:18
user_0987,room_013,50,2024/9/11 20:19
user_0981,room_002,200,2024/9/11 20:19
user_0981,room_012,50,2024/9/11 20:21
user_0337,room_001,1,2024/9/11 20:26
user_0709,room_029,1,2024/9/11 20:29
user_0134,room_007,5,2024/9/11 20:30
user_0981,room_010,100,2024/9/11 20:30
user_0300,room_029,5,2024/9/11 20:30
user_0773,room_011,1,2024/9/11 20:41
user_0976,room_013,200,2024/9/11 20:43
user_0523,room_017,1,2024/9/11 20:45
user_0992,room_010,50,2024/9/11 20:46
user_0573,room_017,10,2024/9/11 20:47
user_0987,room_006,50,2024/9/11 20:57
user_0906,room_021,1,2024/9/11 20:59
user_0981,room_006,200,2024/9/11 21:00
user_0992,room_005,50,2024/9/11 21:04
user_0987,room_002,50,2024/9/11 21:05
user_0050,room_021,1,2024/9/11 21:08
user_0172,room_013,1,2024/9/11 21:09
user_0228,room_024,1,2024/9/11 21:09
user_0987,room_010,50,2024/9/11 21:16
user_0987,room_008,50,2024/9/11 21:19
user_0435,room_023,10,2024/9/11 21:27
user_0808,room_026,1,2024/9/11 21:28
user_0734,room_029,5,2024/9/11 21:30
user_0981,room_001,200,2024/9/11 21:38
user_0992,room_008,50,2024/9/11 21:46
user_0873,room_025,5,2024/9/11 21:46
user_0534,room_025,5,2024/9/11 21:53
user_0878,room_006,1,2024/9/11 21:53
user_0816,room_028,1,2024/9/11 21:55
user_0078,room_020,1,2024/9/11 21:57
user_0987,room_008,50,2024/9/11 22:03
user_0135,room_001,1,2024/9/11 22:06
user_0976,room_014,100,2024/9/11 22:07
user_0132,room_003,1,2024/9/11 22:12
user_0096,room_022,1,2024/9/11 22:15
user_0409,room_027,1,2024/9/11 22:18
user_0940,room_026,10,2024/9/11 22:20
user_0981,room_006,50,2024/9/11 22:20
user_0727,room_017,1,2024/9/11 22:23
user_0182,room_005,10,2024/9/11 22:29
user_0987,room_006,50,2024/9/11 22:35
user_0981,room_010,100,2024/9/11 22:38
user_0240,room_010,1,2024/9/11 22:41
user_0987,room_011,50,2024/9/11 22:45
user_0879,room_003,5,2024/9/11 22:50
user_0267,room_011,5,2024/9/11 22:59
user_0976,room_008,100,2024/9/11 23:02
user_0992,room_008,50,2024/9/11 23:06
user_0228,room_009,1,2024/9/11 23:06
user_0992,room_004,200,2024/9/11 23:09
user_0981,room_007,100,2024/9/11 23:21
user_0992,room_012,200,2024/9/11 23:23
user_0613,room_022,1,2024/9/11 23:30
user_0987,room_004,100,2024/9/11 23:30
user_0538,room_016,1,2024/9/11 23:31
user_0981,room_003,200,2024/9/11 23:39
user_0284,room_003,1,2024/9/11 23:39
user_0469,room_001,1,2024/9/11 23:39
user_0992,room_013,50,2024/9/11 23:41
user_0981,room_003,50,2024/9/11 23:42
user_0981,room_014,100,2024/9/11 23:46
user_0992,room_004,50,2024/9/11 23:46
user_0503,room_004,1,2024/9/11 23:46
user_0981,room_013,100,2024/9/11 23:47
user_0981,room_004,50,2024/9/11 23:48
user_0216,room_020,1,2024/9/11 23:49
user_0447,room_017,1,2024/9/11 23:51
user_0943,room_027,5,2024/9/11 23:58
user_0835,room_017,1,2024/9/12 9:02
user_0781,room_019,5,2024/9/12 9:09
user_0189,room_023,5,2024/9/12 9:11
user_0927,room_010,5,2024/9/12 9:18
user_0508,room_026,5,2024/9/12 9:21
user_0677,room_013,1,2024/9/12 9:26
user_0799,room_023,1,2024/9/12 10:09
user_0924,room_011,5,2024/9/12 10:20
user_0196,room_018,1,2024/9/12 10:25
user_0198,room_002,1,2024/9/12 10:27
user_0774,room_012,1,2024/9/12 10:33
user_0341,room_023,1,2024/9/12 10:34
user_0940,room_018,1,2024/9/12 10:34
user_0836,room_009,1,2024/9/12 10:37
user_0763,room_005,20,2024/9/12 10:44
user_0586,room_020,1,2024/9/12 10:50
user_0937,room_018,10,2024/9/12 11:03
user_0733,room_001,1,2024/9/12 11:08
user_0349,room_012,1,2024/9/12 11:08
user_0105,room_024,5,2024/9/12 11:19
user_0007,room_014,5,2024/9/12 11:23
user_0891,room_025,1,2024/9/12 11:29
user_0380,room_020,1,2024/9/12 11:41
user_0182,room_007,1,2024/9/12 11:43
user_0434,room_011,1,2024/9/12 11:47
user_0660,room_023,10,2024/9/12 11:49
user_0945,room_029,1,2024/9/12 11:52
user_0514,room_015,1,2024/9/12 11:53
user_0764,room_027,1,2024/9/12 11:54
user_0227,room_006,10,2024/9/12 12:01
user_0012,room_003,5,2024/9/12 12:08
user_0833,room_029,1,2024/9/12 12:11
user_0441,room_027,1,2024/9/12 12:18
user_0602,room_027,1,2024/9/12 12:26
user_0690,room_020,1,2024/9/12 12:26
user_0151,room_027,1,2024/9/12 12:40
user_0651,room_007,1,2024/9/12 12:41
user_0008,room_008,1,2024/9/12 12:42
user_0238,room_013,1,2024/9/12 12:46
user_0587,room_010,10,2024/9/12 12:56
user_0045,room_028,1,2024/9/12 13:10
user_0892,room_027,5,2024/9/12 13:12
user_0887,room_015,1,2024/9/12 13:13
user_0901,room_019,1,2024/9/12 13:15
user_0384,room_001,10,2024/9/12 13:21
user_0689,room_027,5,2024/9/12 13:30
user_0945,room_007,1,2024/9/12 13:44
user_0743,room_025,1,2024/9/12 14:12
user_0927,room_009,1,2024/9/12 14:19
user_0909,room_018,1,2024/9/12 14:28
user_0867,room_017,10,2024/9/12 14:43
user_0666,room_013,1,2024/9/12 14:54
user_0885,room_028,20,2024/9/12 15:00
user_0065,room_022,1,2024/9/12 15:04
user_0141,room_013,1,2024/9/12 15:09
user_0815,room_018,1,2024/9/12 15:11
user_0617,room_015,10,2024/9/12 15:14
user_0688,room_012,1,2024/9/12 15:16
user_0621,room_020,5,2024/9/12 15:30
user_0251,room_022,5,2024/9/12 15:36
user_0589,room_028,1,2024/9/12 16:15
user_0728,room_005,1,2024/9/12 16:28
user_0920,room_002,10,2024/9/12 16:34
user_0461,room_002,5,2024/9/12 16:34
user_0101,room_020,5,2024/9/12 16:35
user_0906,room_008,1,2024/9/12 16:39
user_0252,room_023,1,2024/9/12 16:48
user_0260,room_020,1,2024/9/12 16:51
user_0800,room_023,1,2024/9/12 16:53
user_0617,room_013,20,2024/9/12 17:00
user_0403,room_012,1,2024/9/12 17:17
user_0482,room_010,1,2024/9/12 17:24
user_0362,room_021,10,2024/9/12 17:24
user_0677,room_020,5,2024/9/12 17:35
user_0259,room_015,20,2024/9/12 17:36
user_0519,room_018,1,2024/9/12 17:41
user_0718,room_018,10,2024/9/12 17:47
user_0249,room_009,5,2024/9/12 17:51
user_0868,room_028,1,2024/9/12 17:54
user_0265,room_015,20,2024/9/12 17:57
user_0315,room_015,1,2024/9/12 18:14
user_0004,room_007,1,2024/9/12 18:16
user_0149,room_026,1,2024/9/12 18:18
user_0817,room_013,1,2024/9/12 18:36
user_0466,room_015,5,2024/9/12 18:36
user_0622,room_013,1,2024/9/12 18:41
user_0638,room_016,1,2024/9/12 18:51
user_0651,room_001,1,2024/9/12 19:25
user_0903,room_008,10,2024/9/12 19:29
user_0336,room_026,1,2024/9/12 19:42
user_0556,room_016,5,2024/9/12 19:43
user_0219,room_002,1,2024/9/12 19:46
user_0166,room_027,20,2024/9/12 19:47
user_0976,room_001,100,2024/9/12 20:05
user_0963,room_010,100,2024/9/12 20:05
user_0981,room_013,50,2024/9/12 20:06
user_0981,room_006,100,2024/9/12 20:08
user_0393,room_013,5,2024/9/12 20:09
user_0981,room_014,100,2024/9/12 20:22
user_0563,room_008,1,2024/9/12 20:28
user_0103,room_001,1,2024/9/12 20:29
user_0976,room_013,100,2024/9/12 20:34
user_0963,room_007,50,2024/9/12 20:45
user_0981,room_004,50,2024/9/12 20:46
user_0061,room_025,1,2024/9/12 20:50
user_0200,room_006,5,2024/9/12 20:52
user_0963,room_003,50,2024/9/12 20:54
user_0995,room_011,50,2024/9/12 21:00
user_0995,room_007,50,2024/9/12 21:03
user_0995,room_014,200,2024/9/12 21:03
user_0238,room_018,1,2024/9/12 21:04
user_0995,room_008,50,2024/9/12 21:04
user_0976,room_011,200,2024/9/12 21:10
user_0018,room_007,1,2024/9/12 21:10
user_0538,room_023,5,2024/9/12 21:12
user_0976,room_007,50,2024/9/12 21:13
user_0981,room_004,50,2024/9/12 21:15
user_0098,room_003,1,2024/9/12 21:16
user_0976,room_005,50,2024/9/12 21:28
user_0976,room_003,200,2024/9/12 21:30
user_0963,room_014,50,2024/9/12 21:40
user_0963,room_004,50,2024/9/12 21:41
user_0910,room_011,1,2024/9/12 21:43
user_0547,room_001,10,2024/9/12 21:43
user_0643,room_005,10,2024/9/12 21:45
user_0173,room_026,1,2024/9/12 21:50
user_0298,room_025,20,2024/9/12 21:51
user_0963,room_007,200,2024/9/12 21:51
user_0963,room_006,50,2024/9/12 21:53
user_0963,room_010,100,2024/9/12 21:58
user_0981,room_008,50,2024/9/12 22:01
user_0562,room_011,1,2024/9/12 22:03
user_0408,room_026,5,2024/9/12 22:04
user_0995,room_010,50,2024/9/12 22:05
user_0995,room_014,200,2024/9/12 22:09
user_0653,room_015,5,2024/9/12 22:17
user_0549,room_019,5,2024/9/12 22:21
user_0831,room_014,20,2024/9/12 22:26
user_0850,room_017,5,2024/9/12 22:27
user_0995,room_013,50,2024/9/12 22:30
user_0981,room_010,100,2024/9/12 22:55
user_0963,room_014,100,2024/9/12 22:57
user_0981,room_013,50,2024/9/12 22:59
user_0963,room_014,50,2024/9/12 23:03
user_0702,room_023,5,2024/9/12 23:03
user_0790,room_005,20,2024/9/12 23:08
user_0995,room_006,100,2024/9/12 23:09
user_0981,room_007,50,2024/9/12 23:10
user_0909,room_012,1,2024/9/12 23:17
user_0786,room_013,1,2024/9/12 23:24
user_0505,room_026,10,2024/9/12 23:26
user_0963,room_008,100,2024/9/12 23:26
user_0298,room_023,1,2024/9/12 23:28
user_0981,room_013,100,2024/9/12 23:32
user_0466,room_020,5,2024/9/12 23:37
user_0995,room_014,100,2024/9/12 23:47
user_0963,room_008,50,2024/9/12 23:51
user_0737,room_013,1,2024/9/12 23:52
user_0020,room_020,1,2024/9/12 23:53
user_0465,room_014,1,2024/9/12 23:53
user_0995,room_011,100,2024/9/12 23:59
user_0037,room_014,1,2024/9/13 9:24
user_0279,room_005,5,2024/9/13 9:36
user_0426,room_002,5,2024/9/13 10:15
user_0697,room_011,10,2024/9/13 10:34
user_0542,room_025,5,2024/9/13 10:35
user_0431,room_025,1,2024/9/13 10:40
user_0416,room_011,1,2024/9/13 10:46
user_0871,room_010,20,2024/9/13 10:50
user_0576,room_028,1,2024/9/13 11:03
user_0739,room_004,1,2024/9/13 11:08
user_0218,room_021,1,2024/9/13 11:10
user_0493,room_017,1,2024/9/13 11:23
user_0337,room_019,1,2024/9/13 11:48
user_0290,room_018,5,2024/9/13 11:52
user_0670,room_010,1,2024/9/13 12:09
user_0690,room_018,1,2024/9/13 12:10
user_0751,room_021,1,2024/9/13 12:24
user_0312,room_012,1,2024/9/13 12:28
user_0926,room_017,5,2024/9/13 12:31
user_0713,room_002,1,2024/9/13 12:33
user_0133,room_028,5,2024/9/13 12:54
user_0684,room_004,1,2024/9/13 13:14
user_0211,room_022,10,2024/9/13 13:16
user_0667,room_004,1,2024/9/13 13:28
user_0118,room_001,1,2024/9/13 13:32
user_0590,room_008,1,2024/9/13 13:34
user_0425,room_022,1,2024/9/13 13:41
user_0374,room_009,1,2024/9/13 13:52
user_0098,room_023,1,2024/9/13 14:01
user_0279,room_024,10,2024/9/13 14:02
user_0860,room_018,1,2024/9/13 14:03
user_0059,room_014,1,2024/9/13 14:17
user_0137,room_018,10,2024/9/13 14:40
user_0454,room_018,1,2024/9/13 14:43
user_0623,room_020,1,2024/9/13 14:52
user_0327,room_020,1,2024/9/13 15:05
user_0632,room_027,5,2024/9/13 15:08
user_0393,room_017,5,2024/9/13 15:11
user_0595,room_015,5,2024/9/13 15:20
user_0830,room_004,1,2024/9/13 15:24
user_0013,room_017,1,2024/9/13 15:38
user_0571,room_022,5,2024/9/13 15:38
user_0134,room_003,1,2024/9/13 15:42
user_0182,room_026,1,2024/9/13 15:46
user_0523,room_003,5,2024/9/13 15:47
user_0457,room_017,1,2024/9/13 16:01
user_0108,room_024,1,2024/9/13 16:04
user_0333,room_021,5,2024/9/13 16:14
user_0550,room_026,5,2024/9/13 16:17
user_0764,room_029,20,2024/9/13 16:30
user_0492,room_015,1,2024/9/13 16:31
user_0206,room_001,5,2024/9/13 16:37
user_0595,room_006,10,2024/9/13 16:40
user_0382,room_017,10,2024/9/13 16:49
user_0132,room_029,1,2024/9/13 16:59
user_0503,room_011,5,2024/9/13 17:20
user_0227,room_029,5,2024/9/13 17:23
user_0279,room_025,5,2024/9/13 17:28
user_0355,room_028,1,2024/9/13 17:30
user_0395,room_002,1,2024/9/13 17:32
user_0537,room_007,1,2024/9/13 17:37
user_0196,room_011,20,2024/9/13 17:45
user_0407,room_005,10,2024/9/13 17:47
user_0684,room_016,5,2024/9/13 17:48
user_0069,room_007,20,2024/9/13 17:53
user_0195,room_015,1,2024/9/13 18:03
user_0518,room_017,1,2024/9/13 18:06
user_0665,room_009,1,2024/9/13 18:06
user_0652,room_008,1,2024/9/13 18:12
user_0678,room_009,5,2024/9/13 18:18
user_0490,room_022,1,2024/9/13 18:35
user_0087,room_001,5,2024/9/13 18:36
user_0432,room_017,5,2024/9/13 18:40
user_0143,room_006,10,2024/9/13 18:43
user_0136,room_001,1,2024/9/13 19:05
user_0755,room_023,5,2024/9/13 19:08
user_0641,room_012,1,2024/9/13 19:13
user_0750,room_012,10,2024/9/13 19:17
user_0622,room_013,5,2024/9/13 19:24
user_0457,room_026,1,2024/9/13 19:27
user_0513,room_001,1,2024/9/13 19:59
user_0979,room_005,50,2024/9/13 20:00
user_0963,room_011,200,2024/9/13 20:06
user_0644,room_027,1,2024/9/13 20:08
user_0092,room_023,1,2024/9/13 20:12
user_0100,room_017,1,2024/9/13 20:15
user_0979,room_011,50,2024/9/13 20:24
user_0976,room_009,50,2024/9/13 20:24
user_0979,room_012,200,2024/9/13 20:41
user_0866,room_016,5,2024/9/13 20:52
user_0976,room_004,50,2024/9/13 20:53
user_0447,room_015,1,2024/9/13 20:53
user_0976,room_004,100,2024/9/13 20:57
user_0995,room_008,50,2024/9/13 21:18
user_0976,room_011,50,2024/9/13 21:20
user_0381,room_016,1,2024/9/13 21:21
user_0976,room_003,100,2024/9/13 21:28
user_0337,room_024,1,2024/9/13 21:33
user_0728,room_013,10,2024/9/13 21:35
user_0616,room_012,10,2024/9/13 21:37
user_0976,room_012,200,2024/9/13 21:45
user_0461,room_002,1,2024/9/13 21:45
user_0963,room_004,100,2024/9/13 21:46
user_0359,room_018,1,2024/9/13 21:47
user_0963,room_007,50,2024/9/13 21:49
user_0599,room_007,10,2024/9/13 21:51
user_0995,room_004,50,2024/9/13 21:52
user_0995,room_004,50,2024/9/13 21:53
user_0964,room_002,100,2024/9/13 21:57
user_0995,room_013,50,2024/9/13 22:03
user_0964,room_014,50,2024/9/13 22:05
user_0330,room_006,5,2024/9/13 22:14
user_0560,room_018,10,2024/9/13 22:15
user_0964,room_007,100,2024/9/13 22:15
user_0979,room_010,50,2024/9/13 22:15
user_0963,room_009,200,2024/9/13 22:18
user_0517,room_002,1,2024/9/13 22:22
user_0964,room_002,50,2024/9/13 22:24
user_0690,room_018,5,2024/9/13 22:24
user_0963,room_013,50,2024/9/13 22:25
user_0976,room_014,50,2024/9/13 22:28
user_0995,room_013,50,2024/9/13 22:28
user_0964,room_006,100,2024/9/13 22:33
user_0243,room_008,5,2024/9/13 22:34
user_0963,room_012,50,2024/9/13 22:40
user_0817,room_021,1,2024/9/13 22:45
user_0963,room_012,50,2024/9/13 22:45
user_0443,room_027,5,2024/9/13 22:47
user_0477,room_011,1,2024/9/13 22:49
user_0159,room_007,1,2024/9/13 22:51
user_0963,room_012,50,2024/9/13 22:52
user_0995,room_009,100,2024/9/13 22:58
user_0831,room_028,1,2024/9/13 22:59
user_0359,room_023,5,2024/9/13 23:04
user_0869,room_018,10,2024/9/13 23:06
user_0438,room_010,5,2024/9/13 23:09
user_0976,room_004,50,2024/9/13 23:10
user_0911,room_027,1,2024/9/13 23:11
user_0344,room_014,1,2024/9/13 23:15
user_0647,room_015,1,2024/9/13 23:25
user_0976,room_012,50,2024/9/13 23:31
user_0921,room_008,1,2024/9/13 23:31
user_0995,room_009,50,2024/9/13 23:43
user_0904,room_003,20,2024/9/13 23:44
user_0964,room_014,100,2024/9/13 23:44
user_0963,room_001,100,2024/9/13 23:48
user_0082,room_018,1,2024/9/13 23:49
user_0976,room_004,100,2024/9/13 23:54
user_0963,room_014,200,2024/9/13 23:54
user_0499,room_025,5,2024/9/13 23:54
user_0507,room_025,1,2024/9/13 23:56
user_0963,room_008,50,2024/9/13 23:58
user_0979,room_012,50,2024/9/13 23:59
user_0898,room_016,1,2024/9/14 9:02
user_0197,room_013,5,2024/9/14 9:29
user_0062,room_005,1,2024/9/14 9:33
user_0561,room_021,5,2024/9/14 9:35
user_0346,room_019,10,2024/9/14 9:36
user_0567,room_021,1,2024/9/14 9:59
user_0165,room_010,10,2024/9/14 10:08
user_0490,room_011,1,2024/9/14 10:18
user_0193,room_018,5,2024/9/14 10:18
user_0247,room_025,1,2024/9/14 10:27
user_0114,room_021,10,2024/9/14 10:34
user_0226,room_001,1,2024/9/14 10:58
user_0052,room_023,1,2024/9/14 11:02
user_0487,room_022,1,2024/9/14 11:03
user_0832,room_029,5,2024/9/14 11:05
user_0196,room_002,5,2024/9/14 11:08
user_0504,room_013,1,2024/9/14 11:09
user_0784,room_007,1,2024/9/14 11:10
user_0155,room_029,5,2024/9/14 11:12
user_0337,room_020,10,2024/9/14 11:19
user_0362,room_006,5,2024/9/14 11:43
user_0248,room_028,5,2024/9/14 11:44
user_0096,room_024,10,2024/9/14 11:46
user_0893,room_012,1,2024/9/14 11:48
user_0862,room_008,10,2024/9/14 12:39
user_0819,room_022,5,2024/9/14 12:39
user_0460,room_029,10,2024/9/14 12:41
user_0692,room_029,1,2024/9/14 12:54
user_0888,room_005,1,2024/9/14 13:21
user_0369,room_017,1,2024/9/14 13:26
user_0249,room_005,10,2024/9/14 13:40
user_0696,room_006,1,2024/9/14 13:50
user_0739,room_012,5,2024/9/14 13:50
user_0703,room_024,1,2024/9/14 14:00
user_0642,room_005,1,2024/9/14 14:06
user_0927,room_015,1,2024/9/14 14:24
user_0067,room_015,1,2024/9/14 14:25
user_0772,room_004,5,2024/9/14 14:28
user_0082,room_006,10,2024/9/14 14:34
user_0428,room_017,1,2024/9/14 14:34
user_0533,room_006,5,2024/9/14 15:27
user_0406,room_022,5,2024/9/14 15:28
user_0031,room_005,10,2024/9/14 15:29
user_0430,room_027,1,2024/9/14 15:44
user_0767,room_011,10,2024/9/14 15:49
user_0737,room_003,20,2024/9/14 15:59
user_0444,room_017,10,2024/9/14 16:03
user_0779,room_019,1,2024/9/14 16:05
user_0387,room_017,1,2024/9/14 16:14
user_0190,room_029,10,2024/9/14 16:21
user_0271,room_028,1,2024/9/14 16:29
user_0035,room_007,5,2024/9/14 16:30
user_0112,room_014,1,2024/9/14 16:44
user_0378,room_019,1,2024/9/14 17:02
user_0175,room_006,5,2024/9/14 17:07
user_0831,room_005,1,2024/9/14 17:13
user_0311,room_006,1,2024/9/14 17:20
user_0214,room_001,1,2024/9/14 17:23
user_0687,room_024,5,2024/9/14 17:40
user_0291,room_022,1,2024/9/14 17:49
user_0834,room_002,1,2024/9/14 18:00
user_0012,room_013,1,2024/9/14 18:04
user_0287,room_015,1,2024/9/14 18:19
user_0198,room_001,5,2024/9/14 18:25
user_0268,room_016,1,2024/9/14 18:40
user_0177,room_006,1,2024/9/14 19:06
user_0691,room_015,10,2024/9/14 19:15
user_0094,room_029,1,2024/9/14 19:23
user_0041,room_008,1,2024/9/14 19:37
user_0680,room_014,1,2024/9/14 19:39
user_0575,room_026,1,2024/9/14 19:47
user_0592,room_025,1,2024/9/14 19:52
user_0551,room_005,5,2024/9/14 19:56
user_0984,room_007,50,2024/9/14 20:07
user_0415,room_021,1,2024/9/14 20:08
user_0291,room_022,20,2024/9/14 20:13
user_0995,room_009,50,2024/9/14 20:14
user_0984,room_011,200,2024/9/14 20:15
user_0995,room_014,50,2024/9/14 20:18
user_0982,room_013,100,2024/9/14 20:21
user_0995,room_012,100,2024/9/14 20:30
user_0984,room_010,100,2024/9/14 20:31
user_0960,room_002,50,2024/9/14 20:32
user_0963,room_012,50,2024/9/14 20:32
user_0995,room_010,100,2024/9/14 20:38
user_0982,room_009,100,2024/9/14 20:41
user_0995,room_005,50,2024/9/14 20:42
user_0979,room_013,100,2024/9/14 20:44
user_0995,room_010,50,2024/9/14 20:44
user_0038,room_002,1,2024/9/14 20:46
user_0666,room_020,1,2024/9/14 20:48
user_0883,room_018,1,2024/9/14 20:51
user_0964,room_013,50,2024/9/14 20:52
user_0963,room_007,50,2024/9/14 20:52
user_0859,room_024,1,2024/9/14 20:57
user_0979,room_010,50,2024/9/14 20:58
user_0576,room_016,5,2024/9/14 21:00
user_0995,room_004,100,2024/9/14 21:01
user_0964,room_009,50,2024/9/14 21:01
user_0963,room_009,200,2024/9/14 21:05
user_0995,room_003,100,2024/9/14 21:07
user_0979,room_004,50,2024/9/14 21:09
user_0963,room_005,100,2024/9/14 21:09
user_0979,room_011,50,2024/9/14 21:15
user_0982,room_011,50,2024/9/14 21:16
user_0209,room_026,5,2024/9/14 21:21
user_0995,room_009,100,2024/9/14 21:24
user_0376,room_018,5,2024/9/14 21:24
user_0846,room_027,5,2024/9/14 21:24
user_0995,room_009,200,2024/9/14 21:25
user_0261,room_003,5,2024/9/14 21:26
user_0929,room_021,1,2024/9/14 21:28
user_0727,room_018,20,2024/9/14 21:40
user_0580,room_015,1,2024/9/14 21:43
user_0964,room_012,100,2024/9/14 21:44
user_0740,room_022,1,2024/9/14 21:44
user_0979,room_004,50,2024/9/14 21:45
user_0982,room_002,100,2024/9/14 21:54
user_0527,room_021,1,2024/9/14 21:56
user_0963,room_010,50,2024/9/14 22:01
user_0982,room_004,50,2024/9/14 22:05
user_0982,room_008,100,2024/9/14 22:08
user_0979,room_003,50,2024/9/14 22:29
user_0832,room_009,1,2024/9/14 22:29
user_0127,room_011,5,2024/9/14 22:30
user_0095,room_002,1,2024/9/14 22:31
user_0895,room_020,5,2024/9/14 22:33
user_0787,room_003,5,2024/9/14 22:35
user_0979,room_009,100,2024/9/14 22:41
user_0995,room_008,100,2024/9/14 22:45
user_0964,room_009,50,2024/9/14 22:46
user_0727,room_008,5,2024/9/14 22:46
user_0456,room_026,1,2024/9/14 22:46
user_0979,room_003,200,2024/9/14 22:49
user_0960,room_001,100,2024/9/14 22:53
user_0079,room_021,5,2024/9/14 22:58
user_0184,room_028,5,2024/9/14 22:58
user_0960,room_014,200,2024/9/14 23:02
user_0982,room_010,100,2024/9/14 23:05
user_0995,room_005,50,2024/9/14 23:08
user_0995,room_005,100,2024/9/14 23:15
user_0984,room_004,50,2024/9/14 23:15
user_0982,room_012,100,2024/9/14 23:18
user_0960,room_014,50,2024/9/14 23:18
user_0245,room_005,1,2024/9/14 23:25
user_0979,room_006,100,2024/9/14 23:25
user_0960,room_011,50,2024/9/14 23:26
user_0459,room_028,1,2024/9/14 23:35
user_0979,room_012,100,2024/9/14 23:35
user_0960,room_010,50,2024/9/14 23:40
user_0964,room_003,50,2024/9/14 23:41
user_0960,room_003,50,2024/9/14 23:42
user_0963,room_001,50,2024/9/14 23:46
user_0759,room_026,1,2024/9/14 23:49
user_0964,room_006,50,2024/9/14 23:49
user_0963,room_002,100,2024/9/14 23:50
user_0306,room_011,5,2024/9/14 23:53
user_0547,room_009,1,2024/9/15 9:06
user_0411,room_012,1,2024/9/15 9:07
user_0649,room_008,5,2024/9/15 9:12
user_0481,room_004,1,2024/9/15 9:16
user_0218,room_024,5,2024/9/15 9:26
user_0077,room_012,20,2024/9/15 9:35
user_0014,room_021,10,2024/9/15 9:46
user_0136,room_011,20,2024/9/15 9:46
user_0745,room_026,1,2024/9/15 9:59
user_0911,room_029,10,2024/9/15 10:05
user_0235,room_005,1,2024/9/15 10:07
user_0772,room_015,1,2024/9/15 10:16
user_0122,room_017,1,2024/9/15 10:20
user_0116,room_029,1,2024/9/15 10:29
user_0814,room_001,1,2024/9/15 10:29
user_0270,room_020,1,2024/9/15 10:44
user_0080,room_018,1,2024/9/15 10:45
user_0345,room_009,5,2024/9/15 10:51
user_0177,room_018,1,2024/9/15 10:57
user_0011,room_023,1,2024/9/15 11:16
user_0891,room_005,1,2024/9/15 11:24
user_0034,room_003,1,2024/9/15 11:27
user_0282,room_008,5,2024/9/15 11:38
user_0916,room_012,1,2024/9/15 11:39
user_0139,room_017,10,2024/9/15 11:44
user_0256,room_021,1,2024/9/15 11:57
user_0274,room_010,10,2024/9/15 12:13
user_0255,room_013,1,2024/9/15 12:39
user_0510,room_022,1,2024/9/15 12:58
user_0895,room_002,1,2024/9/15 13:00
user_0517,room_005,5,2024/9/15 13:13
user_0530,room_004,1,2024/9/15 13:13
user_0447,room_019,5,2024/9/15 13:14
user_0546,room_008,1,2024/9/15 13:16
user_0400,room_021,5,2024/9/15 13:22
user_0918,room_018,5,2024/9/15 13:23
user_0145,room_012,1,2024/9/15 13:42
user_0518,room_019,1,2024/9/15 13:43
user_0451,room_008,1,2024/9/15 13:54
user_0351,room_015,1,2024/9/15 14:03
user_0560,room_002,1,2024/9/15 14:07
user_0854,room_003,1,2024/9/15 14:14
user_0371,room_006,5,2024/9/15 14:27
user_0248,room_004,5,2024/9/15 14:28
user_0822,room_011,1,2024/9/15 14:35
user_0563,room_018,1,2024/9/15 14:35
user_0442,room_007,1,2024/9/15 14:37
user_0610,room_027,5,2024/9/15 14:39
user_0160,room_018,5,2024/9/15 14:43
user_0420,room_015,1,2024/9/15 14:46
user_0365,room_003,1,2024/9/15 14:48
user_0843,room_022,1,2024/9/15 14:51
user_0123,room_005,20,2024/9/15 15:03
user_0082,room_005,5,2024/9/15 15:03
user_0598,room_021,5,2024/9/15 15:25
user_0656,room_013,1,2024/9/15 15:36
user_0819,room_009,10,2024/9/15 15:37
user_0096,room_029,20,2024/9/15 15:52
user_0075,room_026,1,2024/9/15 15:56
user_0412,room_007,10,2024/9/15 16:00
user_0747,room_025,5,2024/9/15 16:01
user_0203,room_006,5,2024/9/15 16:02
user_0362,room_020,5,2024/9/15 16:14
user_0168,room_017,1,2024/9/15 16:15
user_0915,room_003,1,2024/9/15 16:19
user_0613,room_016,20,2024/9/15 16:22
user_0274,room_008,5,2024/9/15 16:56
user_0004,room_018,1,2024/9/15 17:07
user_0176,room_024,1,2024/9/15 17:14
user_0013,room_004,10,2024/9/15 17:16
user_0436,room_020,1,2024/9/15 17:23
user_0365,room_012,5,2024/9/15 17:35
user_0838,room_011,1,2024/9/15 17:57
user_0230,room_001,1,2024/9/15 18:00
user_0322,room_029,5,2024/9/15 18:03
user_0745,room_002,1,2024/9/15 18:09
user_0354,room_013,1,2024/9/15 18:15
user_0549,room_012,1,2024/9/15 18:17
user_0002,room_012,1,2024/9/15 18:17
user_0812,room_012,1,2024/9/15 18:22
user_0693,room_014,20,2024/9/15 18:28
user_0629,room_013,1,2024/9/15 18:30
user_0433,room_004,5,2024/9/15 18:38
user_0332,room_012,5,2024/9/15 18:43
user_0248,room_011,20,2024/9/15 18:45
user_0079,room_009,1,2024/9/15 18:52
user_0685,room_025,1,2024/9/15 19:08
user_0679,room_022,1,2024/9/15 19:09
user_0072,room_029,5,2024/9/15 19:13
user_0309,room_019,1,2024/9/15 19:16
user_0144,room_005,5,2024/9/15 19:16
user_0656,room_002,1,2024/9/15 19:29
user_0308,room_003,1,2024/9/15 19:34
user_0329,room_016,10,2024/9/15 19:46
user_0687,room_009,20,2024/9/15 19:47
user_0007,room_010,10,2024/9/15 19:53
user_0202,room_028,5,2024/9/15 19:59
user_0859,room_006,1,2024/9/15 19:59
user_0960,room_003,50,2024/9/15 20:02
user_0095,room_015,5,2024/9/15 20:09
user_0375,room_014,5,2024/9/15 20:13
user_0090,room_017,10,2024/9/15 20:16
user_0862,room_008,5,2024/9/15 20:16
user_0960,room_010,100,2024/9/15 20:18
user_0593,room_013,1,2024/9/15 20:21
user_0979,room_010,100,2024/9/15 20:26
user_0482,room_025,5,2024/9/15 20:26
user_0982,room_009,100,2024/9/15 20:34
user_0964,room_005,100,2024/9/15 20:40
user_0913,room_008,1,2024/9/15 20:41
user_0984,room_006,50,2024/9/15 20:45
user_0699,room_001,5,2024/9/15 20:49
user_0960,room_011,100,2024/9/15 20:49
user_0696,room_020,1,2024/9/15 20:50
user_0584,room_023,1,2024/9/15 20:59
user_0979,room_012,50,2024/9/15 21:00
user_0099,room_004,1,2024/9/15 21:01
user_0572,room_026,5,2024/9/15 21:08
user_0902,room_006,5,2024/9/15 21:08
user_0966,room_003,50,2024/9/15 21:09
user_0979,room_013,100,2024/9/15 21:12
user_0384,room_019,1,2024/9/15 21:13
user_0979,room_011,50,2024/9/15 21:16
user_0222,room_005,20,2024/9/15 21:18
user_0375,room_021,20,2024/9/15 21:18
user_0175,room_009,10,2024/9/15 21:23
user_0982,room_001,200,2024/9/15 21:31
user_0960,room_009,50,2024/9/15 21:31
user_0966,room_004,100,2024/9/15 21:32
user_0982,room_003,50,2024/9/15 21:33
user_0964,room_010,100,2024/9/15 21:33
user_0966,room_002,50,2024/9/15 21:35
user_0644,room_002,5,2024/9/15 21:44
user_0966,room_013,200,2024/9/15 21:45
user_0982,room_010,50,2024/9/15 21:46
user_0982,room_006,100,2024/9/15 21:52
user_0966,room_014,200,2024/9/15 22:04
user_0401,room_012,1,2024/9/15 22:07
user_0960,room_004,50,2024/9/15 22:09
user_0982,room_010,50,2024/9/15 22:09
user_0964,room_014,50,2024/9/15 22:13
user_0581,room_017,5,2024/9/15 22:14
user_0979,room_001,50,2024/9/15 22:24
user_0964,room_008,50,2024/9/15 22:26
user_0979,room_001,50,2024/9/15 22:31
user_0979,room_002,50,2024/9/15 22:32
user_0982,room_011,50,2024/9/15 22:32
user_0045,room_023,5,2024/9/15 22:34
user_0927,room_012,10,2024/9/15 22:35
user_0966,room_012,200,2024/9/15 22:35
user_0960,room_013,100,2024/9/15 22:39
user_0966,room_013,50,2024/9/15 22:43
user_0979,room_010,100,2024/9/15 22:44
user_0964,room_013,100,2024/9/15 22:58
user_0966,room_007,100,2024/9/15 23:00
user_0944,room_002,1,2024/9/15 23:04
user_0979,room_009,50,2024/9/15 23:04
user_0960,room_010,50,2024/9/15 23:05
user_0678,room_010,10,2024/9/15 23:05
user_0960,room_014,100,2024/9/15 23:05
user_0766,room_013,5,2024/9/15 23:15
user_0984,room_002,100,2024/9/15 23:17
user_0146,room_025,1,2024/9/15 23:18
user_0984,room_008,50,2024/9/15 23:19
user_0984,room_009,100,2024/9/15 23:19
user_0982,room_002,50,2024/9/15 23:20
user_0966,room_007,200,2024/9/15 23:21
user_0726,room_002,1,2024/9/15 23:22
user_0653,room_013,1,2024/9/15 23:25
user_0960,room_009,100,2024/9/15 23:30
user_0966,room_009,200,2024/9/15 23:30
user_0966,room_003,50,2024/9/15 23:30
user_0982,room_009,100,2024/9/15 23:36
user_0945,room_006,5,2024/9/15 23:38
user_0979,room_004,50,2024/9/15 23:40
user_0979,room_010,50,2024/9/15 23:43
user_0966,room_001,200,2024/9/15 23:45
user_0966,room_013,100,2024/9/15 23:48
user_0982,room_013,50,2024/9/15 23:49
user_0503,room_028,1,2024/9/15 23:55
user_0982,room_014,100,2024/9/15 23:57
user_0982,room_010,50,2024/9/15 23:58
user_0816,room_027,10,2024/9/16 9:04
user_0459,room_006,20,2024/9/16 9:05
user_0505,room_004,10,2024/9/16 9:11
user_0590,room_026,1,2024/9/16 9:18
user_0085,room_006,10,2024/9/16 9:24
user_0089,room_014,5,2024/9/16 9:47
user_0881,room_007,1,2024/9/16 10:00
user_0165,room_010,20,2024/9/16 10:06
user_0415,room_017,1,2024/9/16 10:08
user_0416,room_015,1,2024/9/16 10:14
user_0519,room_012,1,2024/9/16 10:21
user_0816,room_028,10,2024/9/16 10:22
user_0384,room_013,20,2024/9/16 10:28
user_0936,room_007,5,2024/9/16 10:38
user_0870,room_023,1,2024/9/16 10:56
user_0949,room_019,20,2024/9/16 10:58
user_0395,room_017,1,2024/9/16 11:05
user_0698,room_022,5,2024/9/16 11:12
user_0643,room_012,1,2024/9/16 11:23
user_0598,room_002,5,2024/9/16 11:34
user_0406,room_028,1,2024/9/16 11:36
user_0376,room_015,5,2024/9/16 11:40
user_0620,room_003,10,2024/9/16 12:04
user_0900,room_019,1,2024/9/16 12:05
user_0256,room_020,10,2024/9/16 12:07
user_0298,room_004,1,2024/9/16 12:12
user_0814,room_021,10,2024/9/16 12:14
user_0294,room_001,5,2024/9/16 12:15
user_0693,room_005,5,2024/9/16 12:20
user_0695,room_021,5,2024/9/16 12:21
user_0127,room_028,1,2024/9/16 12:29
user_0028,room_028,5,2024/9/16 12:34
user_0708,room_023,1,2024/9/16 12:36
user_0030,room_016,5,2024/9/16 12:50
user_0185,room_017,1,2024/9/16 12:54
user_0689,room_020,10,2024/9/16 13:00
user_0243,room_017,1,2024/9/16 13:02
user_0499,room_021,1,2024/9/16 13:05
user_0848,room_001,1,2024/9/16 13:09
user_0673,room_010,1,2024/9/16 13:16
user_0847,room_005,5,2024/9/16 13:30
user_0121,room_012,1,2024/9/16 13:42
user_0373,room_004,20,2024/9/16 14:11
user_0916,room_019,5,2024/9/16 14:18
user_0131,room_018,1,2024/9/16 14:21
user_0121,room_012,10,2024/9/16 14:26
user_0913,room_002,1,2024/9/16 14:26
user_0662,room_011,1,2024/9/16 14:39
user_0247,room_003,5,2024/9/16 14:59
user_0311,room_020,5,2024/9/16 14:59
user_0820,room_003,5,2024/9/16 15:04
user_0666,room_018,5,2024/9/16 15:13
user_0075,room_026,5,2024/9/16 15:15
user_0866,room_013,1,2024/9/16 15:25
user_0741,room_021,1,2024/9/16 15:41
user_0754,room_008,5,2024/9/16 15:47
user_0887,room_018,1,2024/9/16 16:11
user_0626,room_008,1,2024/9/16 16:13
user_0079,room_010,20,2024/9/16 16:16
user_0107,room_014,1,2024/9/16 16:21
user_0202,room_023,1,2024/9/16 16:40
user_0201,room_026,5,2024/9/16 16:48
user_0791,room_008,1,2024/9/16 16:51
user_0816,room_013,5,2024/9/16 16:54
user_0686,room_019,20,2024/9/16 16:55
user_0888,room_026,5,2024/9/16 17:07
user_0741,room_006,1,2024/9/16 17:12
user_0467,room_017,1,2024/9/16 17:19
user_0462,room_027,5,2024/9/16 17:22
user_0292,room_022,1,2024/9/16 17:24
user_0398,room_009,5,2024/9/16 17:32
user_0909,room_024,5,2024/9/16 17:33
user_0390,room_008,1,2024/9/16 17:40
user_0347,room_009,1,2024/9/16 17:41
user_0194,room_021,10,2024/9/16 17:42
user_0099,room_020,1,2024/9/16 17:48
user_0872,room_019,1,2024/9/16 17:53
user_0661,room_006,1,2024/9/16 18:00
user_0378,room_007,1,2024/9/16 18:25
user_0167,room_025,5,2024/9/16 18:26
user_0936,room_007,1,2024/9/16 18:27
user_0574,room_011,20,2024/9/16 18:36
user_0505,room_021,5,2024/9/16 18:38
user_0838,room_007,10,2024/9/16 18:46
user_0876,room_018,1,2024/9/16 18:51
user_0241,room_012,1,2024/9/16 19:11
user_0901,room_015,10,2024/9/16 19:19
user_0352,room_019,1,2024/9/16 19:31
user_0393,room_010,1,2024/9/16 19:34
user_0426,room_011,1,2024/9/16 19:38
user_0836,room_014,5,2024/9/16 20:05
user_0960,room_014,200,2024/9/16 20:07
user_0966,room_008,100,2024/9/16 20:07
user_0953,room_001,100,2024/9/16 20:09
user_0982,room_013,100,2024/9/16 20:10
user_0660,room_013,5,2024/9/16 20:12
user_0953,room_003,50,2024/9/16 20:15
user_0982,room_014,50,2024/9/16 20:17
user_0982,room_005,50,2024/9/16 20:19
user_0960,room_014,200,2024/9/16 20:35
user_0966,room_001,50,2024/9/16 20:38
user_0982,room_013,50,2024/9/16 20:38
user_0764,room_008,1,2024/9/16 20:41
user_0560,room_026,5,2024/9/16 20:41
user_0348,room_022,10,2024/9/16 20:41
user_0982,room_014,50,2024/9/16 20:42
user_0563,room_023,5,2024/9/16 20:42
user_0953,room_003,50,2024/9/16 20:45
user_0908,room_012,1,2024/9/16 20:48
user_0984,room_007,50,2024/9/16 20:49
user_0898,room_022,5,2024/9/16 20:49
user_0984,room_011,50,2024/9/16 20:50
user_0960,room_011,50,2024/9/16 20:53
user_0177,room_005,1,2024/9/16 20:58
user_0982,room_003,50,2024/9/16 20:59
user_0671,room_023,1,2024/9/16 21:00
user_0984,room_010,50,2024/9/16 21:01
user_0796,room_008,1,2024/9/16 21:02
user_0428,room_029,1,2024/9/16 21:04
user_0984,room_003,200,2024/9/16 21:06
user_0982,room_009,100,2024/9/16 21:06
user_0953,room_014,50,2024/9/16 21:09
user_0656,room_025,1,2024/9/16 21:15
user_0136,room_023,10,2024/9/16 21:16
user_0411,room_007,1,2024/9/16 21:21
user_0960,room_004,200,2024/9/16 21:22
user_0984,room_009,100,2024/9/16 21:24
user_0984,room_004,50,2024/9/16 21:25
user_0030,room_025,1,2024/9/16 21:26
user_0948,room_017,1,2024/9/16 21:27
user_0510,room_004,1,2024/9/16 21:33
user_0316,room_025,1,2024/9/16 21:34
user_0953,room_002,50,2024/9/16 21:36
user_0960,room_005,50,2024/9/16 21:41
user_0984,room_011,50,2024/9/16 21:41
user_0982,room_010,50,2024/9/16 21:44
user_0966,room_013,100,2024/9/16 21:45
user_0982,room_003,50,2024/9/16 21:47
user_0678,room_013,5,2024/9/16 21:47
user_0531,room_024,1,2024/9/16 21:48
user_0442,room_022,1,2024/9/16 21:49
user_0953,room_007,200,2024/9/16 21:54
user_0982,room_010,100,2024/9/16 21:54
user_0960,room_014,50,2024/9/16 21:59
user_0966,room_009,100,2024/9/16 22:02
user_0982,room_004,100,2024/9/16 22:09
user_0966,room_008,100,2024/9/16 22:13
user_0895,room_001,5,2024/9/16 22:13
user_0098,room_015,1,2024/9/16 22:20
user_0960,room_004,50,2024/9/16 22:22
user_0966,room_007,200,2024/9/16 22:23
user_0223,room_012,1,2024/9/16 22:23
user_0177,room_024,1,2024/9/16 22:25
user_0356,room_009,1,2024/9/16 22:27
user_0960,room_013,50,2024/9/16 22:29
user_0953,room_002,100,2024/9/16 22:29
user_0966,room_004,50,2024/9/16 22:31
user_0558,room_010,1,2024/9/16 22:31
user_0777,room_002,5,2024/9/16 22:31
user_0953,room_002,50,2024/9/16 22:32
user_0138,room_010,5,2024/9/16 22:34
user_0674,room_009,1,2024/9/16 22:40
user_0966,room_013,50,2024/9/16 22:41
user_0509,room_017,1,2024/9/16 22:44
user_0966,room_003,50,2024/9/16 22:50
user_0953,room_002,50,2024/9/16 22:50
user_0982,room_013,50,2024/9/16 22:55
user_0960,room_011,50,2024/9/16 22:57
user_0982,room_007,50,2024/9/16 23:03
user_0966,room_006,100,2024/9/16 23:09
user_0982,room_009,50,2024/9/16 23:09
user_0960,room_003,50,2024/9/16 23:11
user_0861,room_018,1,2024/9/16 23:12
user_0544,room_026,5,2024/9/16 23:13
user_0800,room_019,5,2024/9/16 23:15
user_0984,room_013,200,2024/9/16 23:17
user_0984,room_002,100,2024/9/16 23:23
user_0482,room_005,1,2024/9/16 23:24
user_0801,room_022,20,2024/9/16 23:32
user_0966,room_003,50,2024/9/16 23:40
user_0982,room_013,50,2024/9/16 23:40
user_0982,room_006,50,2024/9/16 23:41
user_0935,room_011,1,2024/9/16 23:44
user_0966,room_013,200,2024/9/16 23:44
user_0984,room_001,50,2024/9/16 23:49
user_0982,room_013,100,2024/9/16 23:51
user_0966,room_008,50,2024/9/16 23:52
user_0966,room_010,200,2024/9/16 23:53
user_0220,room_010,5,2024/9/16 23:53
user_0718,room_002,1,2024/9/16 23:56
user_0899,room_020,1,2024/9/17 9:27
user_0216,room_009,1,2024/9/17 9:42
user_0452,room_023,1,2024/9/17 9:43
user_0652,room_025,10,2024/9/17 9:47
user_0801,room_003,10,2024/9/17 9:51
user_0349,room_012,1,2024/9/17 9:53
user_0516,room_026,1,2024/9/17 9:55
user_0926,room_005,1,2024/9/17 9:58
user_0576,room_004,1,2024/9/17 10:01
user_0739,room_014,5,2024/9/17 10:14
user_0203,room_019,1,2024/9/17 10:19
user_0193,room_015,1,2024/9/17 10:22
user_0061,room_003,20,2024/9/17 10:24
user_0584,room_001,1,2024/9/17 10:24
user_0617,room_023,5,2024/9/17 10:25
user_0199,room_022,1,2024/9/17 10:25
user_0788,room_029,5,2024/9/17 10:30
user_0837,room_010,5,2024/9/17 10:33
user_0854,room_018,1,2024/9/17 10:43
user_0546,room_018,1,2024/9/17 10:46
user_0040,room_029,1,2024/9/17 11:03
user_0603,room_028,1,2024/9/17 11:10
user_0354,room_025,1,2024/9/17 11:15
user_0263,room_003,1,2024/9/17 11:19
user_0383,room_019,5,2024/9/17 11:22
user_0340,room_003,5,2024/9/17 11:24
user_0619,room_028,1,2024/9/17 11:28
user_0711,room_027,10,2024/9/17 11:28
user_0387,room_015,20,2024/9/17 11:35
user_0329,room_009,1,2024/9/17 11:46
user_0226,room_006,1,2024/9/17 11:53
user_0534,room_021,1,2024/9/17 12:01
user_0099,room_026,1,2024/9/17 12:05
user_0544,room_008,10,2024/9/17 12:22
user_0190,room_012,1,2024/9/17 12:24
user_0425,room_023,1,2024/9/17 12:47
user_0044,room_013,1,2024/9/17 13:08
user_0631,room_016,1,2024/9/17 13:10
user_0801,room_013,5,2024/9/17 13:11
user_0753,room_023,1,2024/9/17 13:21
user_0654,room_015,1,2024/9/17 13:21
user_0941,room_011,1,2024/9/17 13:23
user_0623,room_021,5,2024/9/17 13:24
user_0663,room_008,1,2024/9/17 13:25
user_0834,room_020,10,2024/9/17 13:26
user_0528,room_024,1,2024/9/17 13:26
user_0179,room_008,1,2024/9/17 13:29
user_0429,room_010,1,2024/9/17 13:40
user_0067,room_020,1,2024/9/17 13:42
user_0755,room_001,1,2024/9/17 13:51
user_0573,room_006,1,2024/9/17 13:53
user_0524,room_029,1,2024/9/17 13:54
user_0654,room_004,1,2024/9/17 13:56
user_0237,room_004,10,2024/9/17 14:04
user_0253,room_004,20,2024/9/17 14:25
user_0663,room_021,5,2024/9/17 14:25
user_0102,room_027,1,2024/9/17 14:27
user_0537,room_012,5,2024/9/17 14:27
user_0921,room_027,1,2024/9/17 14:41
user_0724,room_024,1,2024/9/17 14:42
user_0853,room_005,1,2024/9/17 14:43
user_0366,room_003,10,2024/9/17 15:06
user_0222,room_023,20,2024/9/17 15:10
user_0637,room_020,1,2024/9/17 15:14
user_0637,room_008,1,2024/9/17 15:23
user_0393,room_021,1,2024/9/17 15:26
user_0110,room_028,20,2024/9/17 15:28
user_0899,room_018,10,2024/9/17 15:30
user_0282,room_005,5,2024/9/17 15:32
user_0788,room_024,20,2024/9/17 15:33
user_0833,room_020,1,2024/9/17 15:35
user_0629,room_022,1,2024/9/17 15:38
user_0060,room_026,5,2024/9/17 15:43
user_0445,room_023,1,2024/9/17 15:44
user_0712,room_025,5,2024/9/17 15:46
user_0255,room_012,1,2024/9/17 15:58
user_0469,room_020,1,2024/9/17 16:00
user_0012,room_026,1,2024/9/17 16:05
user_0319,room_009,5,2024/9/17 16:07
user_0309,room_027,1,2024/9/17 16:17
user_0384,room_003,1,2024/9/17 16:22
user_0883,room_019,10,2024/9/17 16:26
user_0317,room_012,1,2024/9/17 16:33
user_0587,room_026,10,2024/9/17 16:35
user_0751,room_027,1,2024/9/17 16:35
user_0073,room_013,1,2024/9/17 16:50
user_0308,room_017,1,2024/9/17 16:56
user_0272,room_023,1,2024/9/17 17:06
user_0200,room_011,1,2024/9/17 17:12
user_0731,room_028,5,2024/9/17 17:36
user_0078,room_004,1,2024/9/17 17:38
user_0209,room_012,1,2024/9/17 17:39
user_0418,room_011,1,2024/9/17 18:00
user_0949,room_021,5,2024/9/17 18:03
user_0176,room_002,1,2024/9/17 18:06
user_0179,room_013,5,2024/9/17 18:27
user_0790,room_004,5,2024/9/17 18:39
user_0616,room_014,1,2024/9/17 19:01
user_0912,room_001,5,2024/9/17 19:01
user_0200,room_012,1,2024/9/17 19:07
user_0266,room_002,5,2024/9/17 19:10
user_0096,room_016,1,2024/9/17 19:17
user_0624,room_015,1,2024/9/17 19:17
user_0632,room_025,10,2024/9/17 19:26
user_0909,room_014,1,2024/9/17 19:27
user_0120,room_005,5,2024/9/17 19:28
user_0756,room_004,1,2024/9/17 19:39
user_0290,room_023,10,2024/9/17 19:46
user_0440,room_021,1,2024/9/17 19:57
user_0938,room_012,1,2024/9/17 19:59
user_0569,room_022,10,2024/9/17 20:03
user_0751,room_007,1,2024/9/17 20:06
user_0975,room_011,50,2024/9/17 20:08
user_0975,room_009,50,2024/9/17 20:09
user_0738,room_009,1,2024/9/17 20:14
user_0127,room_017,5,2024/9/17 20:17
user_0953,room_006,50,2024/9/17 20:19
user_0975,room_014,200,2024/9/17 20:32
user_0936,room_017,20,2024/9/17 20:36
user_0543,room_010,5,2024/9/17 20:39
user_0791,room_017,10,2024/9/17 20:40
user_0975,room_013,50,2024/9/17 20:40
user_0966,room_009,100,2024/9/17 20:41
user_0966,room_009,200,2024/9/17 20:42
user_0966,room_013,50,2024/9/17 20:44
user_0128,room_022,10,2024/9/17 20:56
user_0966,room_001,50,2024/9/17 21:07
user_0015,room_011,1,2024/9/17 21:11
user_0953,room_006,100,2024/9/17 21:16
user_0945,room_017,1,2024/9/17 21:21
user_0953,room_008,50,2024/9/17 21:31
user_0237,room_014,1,2024/9/17 21:32
user_0216,room_027,1,2024/9/17 21:34
user_0769,room_021,1,2024/9/17 21:40
user_0805,room_014,5,2024/9/17 21:42
user_0953,room_003,50,2024/9/17 21:42
user_0555,room_008,1,2024/9/17 21:47
user_0966,room_002,50,2024/9/17 21:48
user_0579,room_006,10,2024/9/17 21:50
user_0691,room_002,5,2024/9/17 21:51
user_0434,room_013,1,2024/9/17 21:52
user_0975,room_014,200,2024/9/17 21:55
user_0975,room_004,50,2024/9/17 21:57
user_0975,room_002,100,2024/9/17 21:58
user_0122,room_008,5,2024/9/17 22:00
user_0953,room_004,100,2024/9/17 22:04
user_0966,room_011,100,2024/9/17 22:05
user_0975,room_010,200,2024/9/17 22:13
user_0472,room_013,5,2024/9/17 22:23
user_0849,room_009,1,2024/9/17 22:27
user_0975,room_007,50,2024/9/17 22:27
user_0286,room_004,1,2024/9/17 22:32
user_0915,room_028,5,2024/9/17 22:35
user_0966,room_007,50,2024/9/17 22:36
user_0764,room_017,20,2024/9/17 22:38
user_0518,room_018,5,2024/9/17 22:39
user_0975,room_008,50,2024/9/17 22:41
user_0836,room_012,1,2024/9/17 22:48
user_0953,room_008,100,2024/9/17 22:52
user_0975,room_009,100,2024/9/17 22:56
user_0632,room_006,1,2024/9/17 22:58
user_0018,room_005,5,2024/9/17 23:00
user_0975,room_002,50,2024/9/17 23:03
user_0966,room_006,200,2024/9/17 23:03
user_0015,room_023,10,2024/9/17 23:06
user_0759,room_026,1,2024/9/17 23:08
user_0953,room_011,50,2024/9/17 23:16
user_0157,room_008,5,2024/9/17 23:17
user_0975,room_009,200,2024/9/17 23:17
user_0953,room_011,50,2024/9/17 23:20
user_0966,room_009,50,2024/9/17 23:24
user_0953,room_005,100,2024/9/17 23:31
user_0345,room_003,5,2024/9/17 23:31
user_0512,room_003,5,2024/9/17 23:36
user_0966,room_012,50,2024/9/17 23:37
user_0953,room_009,50,2024/9/17 23:42
user_0620,room_001,1,2024/9/17 23:50
user_0040,room_009,20,2024/9/17 23:54
user_0966,room_005,100,2024/9/17 23:55
user_0263,room_016,5,2024/9/17 23:55
user_0313,room_011,1,2024/9/17 23:57
user_0694,room_021,1,2024/9/18 9:11
user_0089,room_019,10,2024/9/18 9:22
user_0578,room_025,1,2024/9/18 9:22
user_0237,room_016,1,2024/9/18 9:24
user_0591,room_020,1,2024/9/18 9:40
user_0853,room_022,20,2024/9/18 9:43
user_0689,room_003,5,2024/9/18 9:44
user_0657,room_009,5,2024/9/18 9:44
user_0375,room_026,1,2024/9/18 9:46
user_0561,room_001,1,2024/9/18 9:52
user_0086,room_019,1,2024/9/18 9:58
user_0081,room_017,1,2024/9/18 10:08
user_0613,room_001,5,2024/9/18 10:11
user_0255,room_012,20,2024/9/18 10:16
user_0924,room_014,5,2024/9/18 10:19
user_0366,room_023,1,2024/9/18 10:38
user_0907,room_014,1,2024/9/18 10:41
user_0710,room_027,5,2024/9/18 11:04
user_0047,room_005,1,2024/9/18 11:17
user_0127,room_017,1,2024/9/18 11:24
user_0772,room_006,5,2024/9/18 11:25
user_0880,room_024,20,2024/9/18 11:28
user_0785,room_028,1,2024/9/18 11:29
user_0714,room_006,5,2024/9/18 11:39
user_0260,room_015,1,2024/9/18 11:39
user_0328,room_005,20,2024/9/18 11:41
user_0124,room_015,1,2024/9/18 11:59
user_0866,room_021,5,2024/9/18 12:00
user_0886,room_005,1,2024/9/18 12:12
user_0747,room_026,1,2024/9/18 12:13
user_0614,room_005,5,2024/9/18 12:16
user_0219,room_006,1,2024/9/18 12:19
user_0279,room_001,1,2024/9/18 12:23
user_0848,room_017,20,2024/9/18 12:24
user_0399,room_026,1,2024/9/18 12:27
user_0342,room_009,5,2024/9/18 12:30
user_0561,room_021,1,2024/9/18 12:41
user_0333,room_002,1,2024/9/18 12:48
user_0688,room_027,20,2024/9/18 12:51
user_0279,room_008,1,2024/9/18 13:04
user_0584,room_023,1,2024/9/18 13:08
user_0397,room_005,10,2024/9/18 13:10
user_0917,room_027,1,2024/9/18 13:11
user_0666,room_002,10,2024/9/18 13:15
user_0248,room_021,5,2024/9/18 13:20
user_0825,room_012,1,2024/9/18 13:24
user_0616,room_002,1,2024/9/18 13:34
user_0005,room_028,1,2024/9/18 13:53
user_0257,room_014,1,2024/9/18 13:57
user_0046,room_010,5,2024/9/18 13:59
user_0159,room_021,5,2024/9/18 14:05
user_0187,room_018,10,2024/9/18 14:07
user_0809,room_013,5,2024/9/18 14:17
user_0711,room_028,5,2024/9/18 14:29
user_0292,room_024,1,2024/9/18 14:42
user_0183,room_024,5,2024/9/18 14:42
user_0293,room_029,1,2024/9/18 14:43
user_0794,room_020,1,2024/9/18 14:49
user_0449,room_008,1,2024/9/18 14:49
user_0344,room_017,1,2024/9/18 14:49
user_0352,room_004,5,2024/9/18 15:00
user_0774,room_017,1,2024/9/18 15:02
user_0587,room_002,10,2024/9/18 15:05
user_0002,room_026,1,2024/9/18 15:14
user_0579,room_023,5,2024/9/18 15:15
user_0740,room_004,1,2024/9/18 15:16
user_0330,room_010,1,2024/9/18 15:34
user_0768,room_012,1,2024/9/18 15:47
user_0496,room_022,5,2024/9/18 15:48
user_0670,room_019,1,2024/9/18 15:54
user_0441,room_005,5,2024/9/18 16:00
user_0811,room_007,1,2024/9/18 16:03
user_0336,room_012,1,2024/9/18 16:03
user_0687,room_027,5,2024/9/18 16:08
user_0338,room_011,5,2024/9/18 16:15
user_0118,room_022,5,2024/9/18 16:28
user_0322,room_012,1,2024/9/18 16:43
user_0286,room_008,1,2024/9/18 16:45
user_0079,room_003,10,2024/9/18 16:57
user_0601,room_011,20,2024/9/18 17:05
user_0809,room_007,20,2024/9/18 17:06
user_0011,room_012,5,2024/9/18 17:16
user_0564,room_024,1,2024/9/18 17:23
user_0643,room_003,1,2024/9/18 17:30
user_0431,room_012,5,2024/9/18 17:39
user_0635,room_001,1,2024/9/18 17:48
user_0748,room_004,1,2024/9/18 17:48
user_0378,room_028,10,2024/9/18 17:59
user_0541,room_021,1,2024/9/18 18:03
user_0622,room_019,5,2024/9/18 18:11
user_0645,room_023,1,2024/9/18 18:44
user_0905,room_011,1,2024/9/18 18:50
user_0349,room_020,1,2024/9/18 19:03
user_0818,room_021,5,2024/9/18 19:04
user_0871,room_006,1,2024/9/18 19:19
user_0345,room_022,10,2024/9/18 19:22
user_0559,room_015,1,2024/9/18 19:24
user_0760,room_002,1,2024/9/18 20:07
user_0969,room_012,100,2024/9/18 20:07
user_0975,room_009,50,2024/9/18 20:10
user_0967,room_006,100,2024/9/18 20:12
user_0008,room_021,1,2024/9/18 20:15
user_0967,room_010,100,2024/9/18 20:19
user_0953,room_012,100,2024/9/18 20:33
user_0954,room_001,100,2024/9/18 20:33
user_0953,room_011,50,2024/9/18 20:37
user_0574,room_026,5,2024/9/18 20:40
user_0303,room_023,5,2024/9/18 20:46
user_0975,room_004,100,2024/9/18 20:47
user_0084,room_002,1,2024/9/18 20:47
user_0969,room_004,50,2024/9/18 20:47
user_0969,room_014,200,2024/9/18 20:48
user_0944,room_022,1,2024/9/18 20:48
user_0975,room_005,50,2024/9/18 20:52
user_0953,room_007,50,2024/9/18 20:53
user_0954,room_003,50,2024/9/18 20:55
user_0181,room_013,5,2024/9/18 20:55
user_0488,room_010,5,2024/9/18 20:59
user_0900,room_028,1,2024/9/18 21:00
user_0777,room_023,20,2024/9/18 21:00
user_0461,room_020,1,2024/9/18 21:01
user_0707,room_025,1,2024/9/18 21:06
user_0954,room_013,100,2024/9/18 21:10
user_0954,room_006,50,2024/9/18 21:13
user_0969,room_005,50,2024/9/18 21:16
user_0967,room_001,100,2024/9/18 21:16
user_0691,room_015,1,2024/9/18 21:17
user_0953,room_010,50,2024/9/18 21:18
user_0967,room_004,200,2024/9/18 21:18
user_0967,room_014,200,2024/9/18 21:19
user_0953,room_006,100,2024/9/18 21:25
user_0110,room_011,1,2024/9/18 21:26
user_0096,room_008,5,2024/9/18 21:30
user_0967,room_006,50,2024/9/18 21:31
user_0975,room_001,100,2024/9/18 21:33
user_0132,room_004,1,2024/9/18 21:34
user_0643,room_020,1,2024/9/18 21:35
user_0838,room_002,1,2024/9/18 21:37
user_0084,room_001,1,2024/9/18 21:38
user_0954,room_004,50,2024/9/18 21:38
user_0967,room_014,50,2024/9/18 21:39
user_0793,room_001,1,2024/9/18 21:40
user_0975,room_014,50,2024/9/18 21:44
user_0024,room_004,1,2024/9/18 21:46
user_0206,room_017,10,2024/9/18 21:47
user_0442,room_016,1,2024/9/18 21:50
user_0953,room_005,50,2024/9/18 21:56
user_0018,room_027,1,2024/9/18 21:59
user_0035,room_004,1,2024/9/18 22:00
user_0013,room_023,5,2024/9/18 22:00
user_0799,room_012,10,2024/9/18 22:10
user_0953,room_001,200,2024/9/18 22:10
user_0953,room_008,100,2024/9/18 22:12
user_0954,room_013,50,2024/9/18 22:21
user_0953,room_009,100,2024/9/18 22:23
user_0967,room_008,50,2024/9/18 22:27
user_0954,room_008,50,2024/9/18 22:30
user_0954,room_003,100,2024/9/18 22:34
user_0967,room_010,200,2024/9/18 22:35
user_0673,room_020,1,2024/9/18 22:36
user_0954,room_013,100,2024/9/18 22:38
user_0975,room_011,50,2024/9/18 22:44
user_0592,room_005,5,2024/9/18 22:44
user_0463,room_001,1,2024/9/18 22:50
user_0655,room_016,20,2024/9/18 22:50
user_0969,room_004,100,2024/9/18 22:51
user_0969,room_006,50,2024/9/18 22:52
user_0781,room_005,1,2024/9/18 22:52
user_0953,room_014,200,2024/9/18 22:54
user_0954,room_010,100,2024/9/18 22:56
user_0969,room_003,100,2024/9/18 23:00
user_0967,room_006,50,2024/9/18 23:01
user_0969,room_007,50,2024/9/18 23:04
user_0224,room_014,10,2024/9/18 23:06
user_0969,room_003,50,2024/9/18 23:07
user_0912,room_015,1,2024/9/18 23:08
user_0686,room_021,5,2024/9/18 23:17
user_0953,room_004,100,2024/9/18 23:17
user_0954,room_010,50,2024/9/18 23:24
user_0975,room_002,50,2024/9/18 23:25
user_0569,room_015,5,2024/9/18 23:27
user_0953,room_006,100,2024/9/18 23:27
user_0975,room_002,100,2024/9/18 23:28
user_0975,room_004,50,2024/9/18 23:29
user_0346,room_008,1,2024/9/18 23:37
user_0953,room_006,50,2024/9/18 23:42
user_0969,room_014,100,2024/9/18 23:43
user_0975,room_005,50,2024/9/18 23:48
user_0954,room_010,100,2024/9/18 23:50
user_0953,room_011,50,2024/9/18 23:51
user_0967,room_011,50,2024/9/18 23:57
user_0953,room_005,100,2024/9/18 23:59
user_0297,room_002,1,2024/9/18 23:59
user_0653,room_028,1,2024/9/19 9:16
user_0313,room_024,20,2024/9/19 9:16
user_0203,room_021,5,2024/9/19 9:22
user_0901,room_020,1,2024/9/19 9:29
user_0597,room_029,20,2024/9/19 9:44
user_0119,room_019,5,2024/9/19 9:48
user_0396,room_018,1,2024/9/19 9:50
user_0268,room_024,1,2024/9/19 9:52
user_0407,room_015,1,2024/9/19 9:55
user_0022,room_017,1,2024/9/19 10:05
user_0742,room_029,1,2024/9/19 10:07
user_0632,room_019,1,2024/9/19 10:14
user_0472,room_027,1,2024/9/19 10:21
user_0703,room_022,5,2024/9/19 10:25
user_0568,room_025,5,2024/9/19 10:49
user_0876,room_016,1,2024/9/19 10:52
user_0143,room_009,1,2024/9/19 11:14
user_0738,room_008,1,2024/9/19 11:20
user_0880,room_022,20,2024/9/19 11:21
user_0436,room_019,1,2024/9/19 11:23
user_0757,room_005,1,2024/9/19 11:27
user_0840,room_004,1,2024/9/19 11:36
user_0610,room_029,5,2024/9/19 11:36
user_0626,room_022,10,2024/9/19 11:41
user_0358,room_028,5,2024/9/19 11:48
user_0262,room_029,10,2024/9/19 11:49
user_0916,room_029,1,2024/9/19 11:57
user_0896,room_029,1,2024/9/19 11:58
user_0026,room_027,1,2024/9/19 12:00
user_0171,room_013,20,2024/9/19 12:04
user_0733,room_011,5,2024/9/19 12:14
user_0871,room_006,1,2024/9/19 12:31
user_0415,room_012,5,2024/9/19 12:33
user_0741,room_016,1,2024/9/19 12:35
user_0497,room_029,5,2024/9/19 12:35
user_0060,room_011,10,2024/9/19 13:02
user_0642,room_005,5,2024/9/19 13:16
user_0527,room_021,20,2024/9/19 13:29
user_0107,room_015,5,2024/9/19 13:30
user_0286,room_013,1,2024/9/19 13:30
user_0147,room_007,1,2024/9/19 13:40
user_0268,room_028,1,2024/9/19 13:41
user_0655,room_008,1,2024/9/19 13:44
user_0275,room_017,5,2024/9/19 14:03
user_0439,room_008,1,2024/9/19 14:07
user_0889,room_021,10,2024/9/19 14:26
user_0642,room_022,1,2024/9/19 14:39
user_0153,room_019,1,2024/9/19 14:46
user_0611,room_028,1,2024/9/19 14:51
user_0940,room_025,1,2024/9/19 14:52
user_0000,room_004,1,2024/9/19 15:02
user_0236,room_028,20,2024/9/19 15:11
user_0388,room_001,5,2024/9/19 15:24
user_0852,room_020,5,2024/9/19 15:29
user_0083,room_015,1,2024/9/19 15:30
user_0120,room_006,1,2024/9/19 15:40
user_0197,room_019,1,2024/9/19 15:45
user_0161,room_027,5,2024/9/19 15:52
user_0680,room_005,5,2024/9/19 15:54
user_0890,room_001,10,2024/9/19 16:03
user_0319,room_006,1,2024/9/19 16:05
user_0290,room_003,5,2024/9/19 16:10
user_0836,room_020,20,2024/9/19 16:45
user_0552,room_008,10,2024/9/19 16:51
user_0895,room_005,1,2024/9/19 16:53
user_0834,room_018,5,2024/9/19 16:54
user_0879,room_008,1,2024/9/19 17:08
user_0052,room_005,5,2024/9/19 17:09
user_0318,room_024,1,2024/9/19 17:09
user_0728,room_029,1,2024/9/19 17:13
user_0026,room_003,1,2024/9/19 17:14
user_0041,room_018,5,2024/9/19 17:20
user_0514,room_027,1,2024/9/19 17:22
user_0178,room_029,10,2024/9/19 17:45
user_0866,room_001,1,2024/9/19 17:59
user_0307,room_016,1,2024/9/19 18:06
user_0266,room_019,1,2024/9/19 18:09
user_0627,room_026,5,2024/9/19 18:10
user_0455,room_002,1,2024/9/19 18:16
user_0799,room_012,1,2024/9/19 18:24
user_0600,room_004,1,2024/9/19 18:25
user_0504,room_026,5,2024/9/19 18:37
user_0527,room_019,1,2024/9/19 18:39
user_0071,room_015,1,2024/9/19 18:41
user_0678,room_014,1,2024/9/19 18:41
user_0097,room_019,5,2024/9/19 18:42
user_0334,room_020,10,2024/9/19 18:49
user_0629,room_022,5,2024/9/19 19:01
user_0358,room_021,1,2024/9/19 19:02
user_0922,room_008,20,2024/9/19 19:09
user_0669,room_025,1,2024/9/19 19:14
user_0363,room_008,5,2024/9/19 19:24
user_0552,room_028,1,2024/9/19 19:28
user_0545,room_017,5,2024/9/19 19:31
user_0108,room_023,1,2024/9/19 19:43
user_0915,room_020,1,2024/9/19 19:44
user_0142,room_014,20,2024/9/19 19:50
user_0083,room_023,1,2024/9/19 20:01
user_0978,room_007,100,2024/9/19 20:03
user_0740,room_014,1,2024/9/19 20:03
user_0291,room_008,1,2024/9/19 20:07
user_0967,room_010,100,2024/9/19 20:07
user_0967,room_010,50,2024/9/19 20:07
user_0978,room_006,50,2024/9/19 20:11
user_0975,room_005,100,2024/9/19 20:15
user_0978,room_006,50,2024/9/19 20:19
user_0967,room_013,100,2024/9/19 20:20
user_0967,room_014,50,2024/9/19 20:20
user_0401,room_019,5,2024/9/19 20:22
user_0975,room_013,50,2024/9/19 20:23
user_0975,room_014,200,2024/9/19 20:24
user_0975,room_008,100,2024/9/19 20:25
user_0346,room_009,1,2024/9/19 20:26
user_0967,room_004,50,2024/9/19 20:26
user_0975,room_001,200,2024/9/19 20:29
user_0954,room_005,100,2024/9/19 20:31
user_0382,room_027,1,2024/9/19 20:36
user_0555,room_028,1,2024/9/19 20:36
user_0788,room_023,5,2024/9/19 20:40
user_0954,room_004,50,2024/9/19 20:41
user_0342,room_012,1,2024/9/19 20:42
user_0798,room_007,20,2024/9/19 20:43
user_0166,room_017,1,2024/9/19 20:46
user_0969,room_001,100,2024/9/19 20:50
user_0969,room_005,50,2024/9/19 20:54
user_0969,room_011,100,2024/9/19 20:56
user_0954,room_002,50,2024/9/19 20:57
user_0954,room_004,100,2024/9/19 21:01
user_0967,room_010,50,2024/9/19 21:03
user_0954,room_011,50,2024/9/19 21:09
user_0531,room_006,10,2024/9/19 21:10
user_0857,room_012,5,2024/9/19 21:11
user_0853,room_001,20,2024/9/19 21:12
user_0978,room_003,50,2024/9/19 21:13
user_0515,room_003,1,2024/9/19 21:13
user_0967,room_003,100,2024/9/19 21:15
user_0978,room_010,50,2024/9/19 21:15
user_0806,room_008,1,2024/9/19 21:19
user_0441,room_025,1,2024/9/19 21:19
user_0969,room_008,100,2024/9/19 21:21
user_0975,room_001,100,2024/9/19 21:26
user_0978,room_003,200,2024/9/19 21:34
user_0202,room_003,1,2024/9/19 21:37
user_0978,room_013,50,2024/9/19 21:51
user_0978,room_012,50,2024/9/19 21:54
user_0826,room_015,10,2024/9/19 21:58
user_0978,room_010,50,2024/9/19 21:59
user_0969,room_009,50,2024/9/19 22:00
user_0969,room_004,100,2024/9/19 22:02
user_0356,room_017,1,2024/9/19 22:06
user_0969,room_013,200,2024/9/19 22:07
user_0969,room_007,200,2024/9/19 22:12
user_0523,room_013,1,2024/9/19 22:12
user_0595,room_004,1,2024/9/19 22:14
user_0347,room_027,5,2024/9/19 22:15
user_0978,room_012,50,2024/9/19 22:18
user_0969,room_010,50,2024/9/19 22:24
user_0967,room_006,50,2024/9/19 22:24
user_0975,room_013,100,2024/9/19 22:25
user_0978,room_013,200,2024/9/19 22:31
user_0821,room_003,1,2024/9/19 22:31
user_0975,room_011,50,2024/9/19 22:37
user_0783,room_029,5,2024/9/19 22:38
user_0978,room_002,50,2024/9/19 22:38
user_0954,room_010,50,2024/9/19 22:42
user_0975,room_003,100,2024/9/19 22:42
user_0954,room_008,100,2024/9/19 22:42
user_0908,room_002,5,2024/9/19 22:44
user_0630,room_004,1,2024/9/19 22:49
user_0978,room_003,50,2024/9/19 22:55
user_0736,room_008,5,2024/9/19 22:58
user_0969,room_009,50,2024/9/19 22:59
user_0897,room_014,1,2024/9/19 23:00
user_0978,room_002,200,2024/9/19 23:01
user_0967,room_010,50,2024/9/19 23:04
user_0975,room_013,50,2024/9/19 23:10
user_0969,room_006,100,2024/9/19 23:10
user_0759,room_012,20,2024/9/19 23:10
user_0734,room_007,1,2024/9/19 23:13
user_0499,room_015,1,2024/9/19 23:15
user_0883,room_029,1,2024/9/19 23:18
user_0116,room_007,1,2024/9/19 23:18
user_0975,room_008,200,2024/9/19 23:24
user_0954,room_014,50,2024/9/19 23:26
user_0975,room_013,50,2024/9/19 23:29
user_0975,room_001,100,2024/9/19 23:30
user_0500,room_008,10,2024/9/19 23:33
user_0969,room_014,100,2024/9/19 23:34
user_0954,room_007,50,2024/9/19 23:41
user_0954,room_013,100,2024/9/19 23:43
user_0772,room_023,1,2024/9/19 23:45
user_0978,room_009,100,2024/9/19 23:48
user_0969,room_008,50,2024/9/19 23:54
user_0969,room_007,50,2024/9/19 23:57
user_0788,room_021,1,2024/9/20 9:06
user_0451,room_004,5,2024/9/20 9:13
user_0624,room_028,5,2024/9/20 9:32
user_0730,room_020,1,2024/9/20 9:33
user_0380,room_026,10,2024/9/20 9:36
user_0541,room_028,1,2024/9/20 9:42
user_0192,room_017,5,2024/9/20 9:43
user_0647,room_007,1,2024/9/20 9:46
user_0855,room_014,1,2024/9/20 10:03
user_0280,room_005,1,2024/9/20 10:08
user_0930,room_020,5,2024/9/20 10:09
user_0885,room_007,1,2024/9/20 10:40
user_0041,room_029,1,2024/9/20 10:43
user_0609,room_002,1,2024/9/20 10:57
user_0684,room_013,10,2024/9/20 11:05
user_0501,room_015,1,2024/9/20 11:07
user_0090,room_006,1,2024/9/20 11:15
user_0704,room_009,1,2024/9/20 11:23
user_0833,room_023,5,2024/9/20 11:29
user_0393,room_025,1,2024/9/20 11:36
user_0217,room_023,1,2024/9/20 11:38
user_0201,room_015,5,2024/9/20 11:48
user_0402,room_028,10,2024/9/20 11:50
user_0630,room_029,1,2024/9/20 11:50
user_0876,room_014,5,2024/9/20 11:53
user_0222,room_018,1,2024/9/20 11:55
user_0469,room_021,10,2024/9/20 12:01
user_0462,room_029,1,2024/9/20 12:01
user_0876,room_023,1,2024/9/20 12:04
user_0017,room_020,1,2024/9/20 12:09
user_0369,room_018,1,2024/9/20 12:29
user_0110,room_017,10,2024/9/20 12:49
user_0842,room_011,5,2024/9/20 13:17
user_0185,room_020,5,2024/9/20 13:22
user_0720,room_004,1,2024/9/20 13:33
user_0815,room_027,5,2024/9/20 13:58
user_0236,room_016,5,2024/9/20 14:15
user_0316,room_010,5,2024/9/20 14:26
user_0019,room_012,1,2024/9/20 14:31
user_0886,room_024,1,2024/9/20 14:55
user_0861,room_029,1,2024/9/20 15:11
user_0792,room_017,10,2024/9/20 15:26
user_0391,room_028,1,2024/9/20 15:37
user_0532,room_014,5,2024/9/20 15:40
user_0881,room_002,5,2024/9/20 15:49
user_0513,room_029,5,2024/9/20 16:11
user_0491,room_019,5,2024/9/20 16:12
user_0112,room_004,1,2024/9/20 16:18
user_0193,room_014,1,2024/9/20 16:26
user_0206,room_020,1,2024/9/20 16:32
user_0235,room_016,1,2024/9/20 17:01
user_0266,room_029,1,2024/9/20 17:05
user_0403,room_007,5,2024/9/20 17:10
user_0827,room_025,10,2024/9/20 17:25
user_0233,room_014,1,2024/9/20 17:27
user_0767,room_025,1,2024/9/20 17:33
user_0649,room_016,1,2024/9/20 17:33
user_0636,room_022,1,2024/9/20 17:52
user_0780,room_028,20,2024/9/20 18:00
user_0043,room_024,10,2024/9/20 18:06
user_0458,room_003,1,2024/9/20 18:15
user_0762,room_003,1,2024/9/20 18:17
user_0519,room_022,1,2024/9/20 18:18
user_0069,room_021,1,2024/9/20 18:19
user_0825,room_005,1,2024/9/20 18:28
user_0791,room_022,1,2024/9/20 18:31
user_0205,room_029,1,2024/9/20 18:32
user_0504,room_008,1,2024/9/20 18:33
user_0762,room_016,1,2024/9/20 18:39
user_0506,room_012,1,2024/9/20 18:43
user_0090,room_017,1,2024/9/20 18:47
user_0110,room_006,1,2024/9/20 18:50
user_0785,room_006,1,2024/9/20 18:50
user_0571,room_014,1,2024/9/20 18:56
user_0419,room_018,1,2024/9/20 19:10
user_0008,room_013,1,2024/9/20 19:10
user_0681,room_028,1,2024/9/20 19:25
user_0421,room_022,5,2024/9/20 19:28
user_0648,room_028,1,2024/9/20 19:33
user_0351,room_019,10,2024/9/20 19:42
user_0379,room_012,1,2024/9/20 19:58
user_0978,room_004,100,2024/9/20 20:04
user_0213,room_004,20,2024/9/20 20:05
user_0748,room_004,1,2024/9/20 20:09
user_0978,room_011,100,2024/9/20 20:12
user_0344,room_003,1,2024/9/20 20:13
user_0967,room_014,50,2024/9/20 20:15
user_0573,room_019,5,2024/9/20 20:18
user_0978,room_007,50,2024/9/20 20:23
user_0954,room_004,50,2024/9/20 20:25
user_0150,room_005,1,2024/9/20 20:31
user_0967,room_007,100,2024/9/20 20:31
user_0978,room_002,100,2024/9/20 20:33
user_0742,room_011,1,2024/9/20 20:33
user_0969,room_012,100,2024/9/20 20:34
user_0954,room_002,50,2024/9/20 20:34
user_0967,room_011,50,2024/9/20 20:36
user_0717,room_023,5,2024/9/20 20:37
user_0299,room_022,5,2024/9/20 20:37
user_0423,room_016,5,2024/9/20 20:38
user_0954,room_008,50,2024/9/20 20:44
user_0969,room_006,100,2024/9/20 20:44
user_0116,room_001,1,2024/9/20 20:52
user_0285,room_025,1,2024/9/20 20:53
user_0954,room_011,200,2024/9/20 20:53
user_0098,room_028,1,2024/9/20 20:56
user_0516,room_029,5,2024/9/20 21:00
user_0969,room_013,50,2024/9/20 21:00
user_0967,room_012,50,2024/9/20 21:01
user_0969,room_012,50,2024/9/20 21:03
user_0969,room_014,50,2024/9/20 21:04
user_0093,room_018,5,2024/9/20 21:07
user_0978,room_013,50,2024/9/20 21:09
user_0969,room_011,200,2024/9/20 21:14
user_0954,room_006,50,2024/9/20 21:15
user_0954,room_005,100,2024/9/20 21:16
user_0978,room_013,100,2024/9/20 21:17
user_0367,room_027,5,2024/9/20 21:20
user_0124,room_025,1,2024/9/20 21:31
user_0978,room_012,50,2024/9/20 21:38
user_0360,room_002,10,2024/9/20 21:39
user_0954,room_010,100,2024/9/20 21:41
user_0978,room_010,50,2024/9/20 21:41
user_0969,room_003,100,2024/9/20 21:42
user_0969,room_004,50,2024/9/20 21:47
user_0967,room_013,100,2024/9/20 21:48
user_0290,room_012,10,2024/9/20 21:53
user_0969,room_004,100,2024/9/20 21:56
user_0888,room_009,5,2024/9/20 21:56
user_0967,room_007,50,2024/9/20 21:58
user_0096,room_026,10,2024/9/20 21:58
user_0331,room_005,5,2024/9/20 21:59
user_0954,room_002,100,2024/9/20 21:59
user_0247,room_002,1,2024/9/20 22:11
user_0967,room_001,50,2024/9/20 22:11
user_0978,room_013,50,2024/9/20 22:11
user_0969,room_001,200,2024/9/20 22:12
user_0713,room_012,1,2024/9/20 22:23
user_0967,room_007,200,2024/9/20 22:24
user_0967,room_002,100,2024/9/20 22:25
user_0954,room_004,100,2024/9/20 22:31
user_0310,room_007,1,2024/9/20 22:40
user_0969,room_008,50,2024/9/20 22:43
user_0578,room_018,5,2024/9/20 22:43
user_0954,room_003,50,2024/9/20 22:44
user_0978,room_004,200,2024/9/20 22:48
user_0745,room_012,1,2024/9/20 22:51
user_0954,room_001,200,2024/9/20 22:52
user_0954,room_013,50,2024/9/20 22:57
user_0969,room_012,100,2024/9/20 23:00
user_0770,room_010,10,2024/9/20 23:03
user_0967,room_014,100,2024/9/20 23:05
user_0967,room_011,50,2024/9/20 23:07
user_0978,room_012,50,2024/9/20 23:10
user_0954,room_009,50,2024/9/20 23:19
user_0811,room_005,1,2024/9/20 23:21
user_0978,room_009,50,2024/9/20 23:27
user_0833,room_021,5,2024/9/20 23:27
user_0291,room_013,1,2024/9/20 23:30
user_0778,room_009,1,2024/9/20 23:31
user_0969,room_011,50,2024/9/20 23:31
user_0850,room_016,10,2024/9/20 23:41
user_0969,room_009,50,2024/9/20 23:48
user_0954,room_009,50,2024/9/20 23:51
user_0277,room_001,5,2024/9/20 23:53
user_0978,room_013,50,2024/9/20 23:54
user_0709,room_005,1,2024/9/20 23:55
user_0530,room_004,5,2024/9/21 9:00
user_0750,room_029,1,2024/9/21 9:04
user_0152,room_007,1,2024/9/21 9:19
user_0874,room_016,1,2024/9/21 9:30
user_0744,room_023,20,2024/9/21 9:49
user_0000,room_020,20,2024/9/21 10:01
user_0901,room_011,1,2024/9/21 10:01
user_0510,room_027,1,2024/9/21 10:12
user_0436,room_020,1,2024/9/21 10:31
user_0162,room_012,1,2024/9/21 10:40
user_0414,room_020,1,2024/9/21 10:45
user_0167,room_024,1,2024/9/21 10:53
user_0862,room_005,1,2024/9/21 10:58
user_0875,room_019,1,2024/9/21 11:00
user_0136,room_021,1,2024/9/21 11:04
user_0776,room_004,1,2024/9/21 11:07
user_0530,room_007,1,2024/9/21 11:20
user_0797,room_002,1,2024/9/21 11:30
user_0574,room_004,5,2024/9/21 11:32
user_0723,room_002,1,2024/9/21 11:35
user_0405,room_007,1,2024/9/21 11:44
user_0707,room_007,1,2024/9/21 11:44
user_0935,room_013,1,2024/9/21 12:01
user_0111,room_008,5,2024/9/21 12:16
user_0080,room_008,1,2024/9/21 12:17
user_0206,room_028,1,2024/9/21 12:20
user_0302,room_014,1,2024/9/21 12:48
user_0050,room_009,5,2024/9/21 13:10
user_0521,room_007,1,2024/9/21 13:12
user_0702,room_017,10,2024/9/21 13:12
user_0754,room_021,1,2024/9/21 13:15
user_0270,room_029,5,2024/9/21 13:30
user_0458,room_025,5,2024/9/21 13:31
user_0406,room_013,1,2024/9/21 13:40
user_0298,room_019,20,2024/9/21 13:47
user_0846,room_018,1,2024/9/21 13:48
user_0080,room_021,1,2024/9/21 13:49
user_0541,room_006,10,2024/9/21 13:49
user_0361,room_025,1,2024/9/21 13:50
user_0554,room_028,20,2024/9/21 14:00
user_0161,room_017,5,2024/9/21 14:06
user_0013,room_022,10,2024/9/21 14:07
user_0714,room_022,1,2024/9/21 14:07
user_0474,room_028,1,2024/9/21 14:11
user_0413,room_029,1,2024/9/21 14:16
user_0244,room_018,5,2024/9/21 14:17
user_0025,room_002,5,2024/9/21 14:28
user_0313,room_016,5,2024/9/21 14:44
user_0830,room_029,5,2024/9/21 14:45
user_0087,room_008,1,2024/9/21 15:08
user_0556,room_024,1,2024/9/21 15:09
user_0402,room_022,20,2024/9/21 15:10
user_0439,room_021,5,2024/9/21 15:14
user_0197,room_017,1,2024/9/21 15:18
user_0237,room_015,1,2024/9/21 15:23
user_0326,room_024,1,2024/9/21 15:23
user_0049,room_019,1,2024/9/21 15:53
user_0770,room_026,1,2024/9/21 16:05
user_0861,room_008,10,2024/9/21 16:06
user_0935,room_027,1,2024/9/21 16:07
user_0522,room_015,5,2024/9/21 16:18
user_0011,room_009,5,2024/9/21 16:25
user_0395,room_002,5,2024/9/21 16:26
user_0373,room_020,1,2024/9/21 16:36
user_0369,room_004,1,2024/9/21 16:38
user_0870,room_015,1,2024/9/21 16:47
user_0124,room_022,1,2024/9/21 16:48
user_0607,room_020,5,2024/9/21 17:04
user_0678,room_021,1,2024/9/21 17:11
user_0269,room_005,5,2024/9/21 17:18
user_0687,room_003,10,2024/9/21 17:19
user_0673,room_009,1,2024/9/21 17:34
user_0236,room_018,5,2024/9/21 17:36
user_0170,room_029,1,2024/9/21 18:01
user_0614,room_018,1,2024/9/21 18:05
user_0372,room_005,5,2024/9/21 18:08
user_0075,room_003,1,2024/9/21 18:12
user_0303,room_016,1,2024/9/21 18:14
user_0202,room_012,1,2024/9/21 18:20
user_0073,room_019,1,2024/9/21 18:21
user_0724,room_022,1,2024/9/21 18:22
user_0114,room_017,10,2024/9/21 18:42
user_0585,room_025,5,2024/9/21 18:53
user_0006,room_012,1,2024/9/21 18:56
user_0868,room_027,5,2024/9/21 19:05
user_0454,room_019,5,2024/9/21 19:05
user_0886,room_013,1,2024/9/21 19:13
user_0336,room_002,5,2024/9/21 19:27
user_0277,room_026,1,2024/9/21 19:30
user_0380,room_017,10,2024/9/21 19:41
user_0408,room_004,1,2024/9/21 19:44
user_0935,room_023,5,2024/9/21 19:57
user_0978,room_007,100,2024/9/21 20:14
user_0962,room_008,100,2024/9/21 20:22
user_0870,room_009,1,2024/9/21 20:22
user_0978,room_001,50,2024/9/21 20:27
user_0099,room_013,1,2024/9/21 20:31
user_0596,room_023,5,2024/9/21 20:39
user_0521,room_019,5,2024/9/21 20:57
user_0355,room_017,1,2024/9/21 21:02
user_0962,room_014,200,2024/9/21 21:07
user_0616,room_008,1,2024/9/21 21:09
user_0591,room_015,1,2024/9/21 21:13
user_0657,room_011,5,2024/9/21 21:14
user_0978,room_012,50,2024/9/21 21:15
user_0400,room_025,5,2024/9/21 21:15
user_0978,room_006,50,2024/9/21 21:16
user_0564,room_021,1,2024/9/21 21:18
user_0356,room_005,1,2024/9/21 21:21
user_0214,room_022,1,2024/9/21 21:21
user_0707,room_020,5,2024/9/21 21:22
user_0523,room_011,1,2024/9/21 21:30
user_0962,room_001,50,2024/9/21 21:35
user_0978,room_007,100,2024/9/21 21:35
user_0978,room_001,50,2024/9/21 21:38
user_0962,room_014,50,2024/9/21 21:38
user_0235,room_005,1,2024/9/21 21:39
user_0484,room_006,1,2024/9/21 21:43
user_0962,room_007,50,2024/9/21 21:52
user_0411,room_020,5,2024/9/21 21:53
user_0201,room_009,5,2024/9/21 22:09
user_0978,room_007,50,2024/9/21 22:21
user_0716,room_023,1,2024/9/21 22:24
user_0445,room_013,1,2024/9/21 22:25
user_0962,room_001,50,2024/9/21 22:27
user_0737,room_017,10,2024/9/21 22:38
user_0567,room_002,1,2024/9/21 22:43
user_0962,room_009,100,2024/9/21 22:44
user_0443,room_010,1,2024/9/21 22:44
user_0962,room_004,50,2024/9/21 22:46
user_0962,room_004,100,2024/9/21 22:58
user_0806,room_017,5,2024/9/21 23:13
user_0315,room_007,1,2024/9/21 23:18
user_0978,room_008,50,2024/9/21 23:19
user_0962,room_004,50,2024/9/21 23:22
user_0938,room_006,1,2024/9/21 23:22
user_0687,room_029,5,2024/9/21 23:36
user_0962,room_011,50,2024/9/21 23:36
user_0978,room_002,50,2024/9/21 23:40
user_0768,room_005,1,2024/9/21 23:45
user_0761,room_013,1,2024/9/21 23:47
user_0978,room_007,100,2024/9/21 23:47
user_0978,room_005,100,2024/9/21 23:48
user_0180,room_016,5,2024/9/21 23:49
user_0095,room_009,1,2024/9/21 23:53
user_0301,room_018,5,2024/9/21 23:56
user_0684,room_027,5,2024/9/21 23:56
user_0824,room_012,1,2024/9/22 9:05
user_0087,room_002,1,2024/9/22 9:05
user_0850,room_015,1,2024/9/22 9:06
user_0576,room_002,1,2024/9/22 9:12
user_0535,room_022,5,2024/9/22 9:40
user_0350,room_004,10,2024/9/22 9:48
user_0495,room_021,1,2024/9/22 10:05
user_0112,room_014,5,2024/9/22 10:10
user_0582,room_027,5,2024/9/22 10:11
user_0808,room_011,5,2024/9/22 10:17
user_0054,room_020,1,2024/9/22 10:22
user_0926,room_009,1,2024/9/22 10:32
user_0509,room_006,1,2024/9/22 10:55
user_0047,room_011,1,2024/9/22 10:56
user_0593,room_005,5,2024/9/22 11:01
user_0417,room_005,1,2024/9/22 11:04
user_0832,room_027,1,2024/9/22 11:08
user_0825,room_013,5,2024/9/22 11:28
user_0831,room_023,1,2024/9/22 11:30
user_0376,room_017,5,2024/9/22 11:45
user_0574,room_003,1,2024/9/22 11:45
user_0428,room_024,5,2024/9/22 11:48
user_0618,room_022,5,2024/9/22 11:48
user_0636,room_017,5,2024/9/22 11:57
user_0563,room_008,5,2024/9/22 12:00
user_0290,room_021,20,2024/9/22 12:02
user_0463,room_025,1,2024/9/22 12:17
user_0626,room_014,1,2024/9/22 12:26
user_0161,room_024,1,2024/9/22 12:30
user_0722,room_014,1,2024/9/22 12:36
user_0170,room_027,10,2024/9/22 12:41
user_0319,room_017,1,2024/9/22 12:45
user_0618,room_005,1,2024/9/22 12:54
user_0114,room_001,5,2024/9/22 12:59
user_0248,room_007,5,2024/9/22 13:19
user_0489,room_010,5,2024/9/22 13:19
user_0586,room_023,5,2024/9/22 13:31
user_0784,room_021,10,2024/9/22 13:39
user_0610,room_025,20,2024/9/22 13:44
user_0827,room_011,1,2024/9/22 13:58
user_0701,room_018,1,2024/9/22 13:59
user_0745,room_019,1,2024/9/22 14:09
user_0754,room_007,1,2024/9/22 14:22
user_0926,room_024,5,2024/9/22 14:25
user_0850,room_024,5,2024/9/22 14:33
user_0168,room_018,1,2024/9/22 14:34
user_0522,room_018,5,2024/9/22 14:43
user_0798,room_022,1,2024/9/22 14:51
user_0496,room_028,10,2024/9/22 14:51
user_0009,room_025,20,2024/9/22 14:53
user_0686,room_028,5,2024/9/22 14:55
user_0750,room_019,5,2024/9/22 14:55
user_0906,room_023,1,2024/9/22 14:56
user_0574,room_012,5,2024/9/22 14:58
user_0189,room_002,5,2024/9/22 15:04
user_0213,room_008,1,2024/9/22 15:08
user_0502,room_029,1,2024/9/22 15:12
user_0864,room_016,5,2024/9/22 15:17
user_0270,room_018,1,2024/9/22 15:19
user_0030,room_016,20,2024/9/22 15:22
user_0387,room_001,1,2024/9/22 15:25
user_0743,room_021,5,2024/9/22 15:27
user_0192,room_012,1,2024/9/22 15:31
user_0069,room_021,5,2024/9/22 15:43
user_0724,room_010,5,2024/9/22 15:56
user_0415,room_025,5,2024/9/22 16:00
user_0562,room_005,1,2024/9/22 16:21
user_0251,room_006,1,2024/9/22 16:23
user_0395,room_009,5,2024/9/22 16:26
user_0779,room_006,1,2024/9/22 16:29
user_0716,room_025,5,2024/9/22 16:33
user_0022,room_005,1,2024/9/22 16:35
user_0936,room_008,1,2024/9/22 16:44
user_0724,room_026,1,2024/9/22 16:44
user_0241,room_007,5,2024/9/22 16:44
user_0713,room_029,1,2024/9/22 16:49
user_0130,room_019,1,2024/9/22 16:55
user_0796,room_029,1,2024/9/22 16:58
user_0146,room_027,1,2024/9/22 17:10
user_0261,room_003,1,2024/9/22 17:22
user_0297,room_026,5,2024/9/22 17:24
user_0873,room_018,1,2024/9/22 17:29
user_0713,room_007,1,2024/9/22 17:52
user_0209,room_016,5,2024/9/22 18:03
user_0677,room_009,10,2024/9/22 18:12
user_0705,room_024,1,2024/9/22 18:21
user_0568,room_005,5,2024/9/22 18:32
user_0342,room_021,1,2024/9/22 18:38
user_0382,room_014,1,2024/9/22 18:44
user_0476,room_027,5,2024/9/22 18:52
user_0542,room_027,5,2024/9/22 19:00
user_0432,room_003,1,2024/9/22 19:04
user_0008,room_008,5,2024/9/22 19:04
user_0821,room_004,5,2024/9/22 19:04
user_0236,room_004,10,2024/9/22 19:05
user_0238,room_025,1,2024/9/22 19:06
user_0549,room_014,10,2024/9/22 19:10
user_0249,room_001,1,2024/9/22 19:25
user_0636,room_018,10,2024/9/22 19:27
user_0188,room_006,1,2024/9/22 19:35
user_0194,room_029,1,2024/9/22 19:37
user_0031,room_003,5,2024/9/22 19:41
user_0293,room_005,1,2024/9/22 19:51
user_0048,room_023,1,2024/9/22 19:54
user_0327,room_027,1,2024/9/22 19:55
user_0645,room_014,1,2024/9/22 20:03
user_0438,room_003,1,2024/9/22 20:07
user_0013,room_015,5,2024/9/22 20:07
user_0657,room_007,1,2024/9/22 20:14
user_0962,room_004,50,2024/9/22 20:17
user_0042,room_027,1,2024/9/22 20:20
user_0848,room_010,5,2024/9/22 20:24
user_0962,room_003,100,2024/9/22 20:31
user_0990,room_009,100,2024/9/22 20:34
user_0959,room_001,100,2024/9/22 20:35
user_0986,room_005,50,2024/9/22 20:40
user_0990,room_005,50,2024/9/22 20:42
user_0159,room_021,1,2024/9/22 20:43
user_0940,room_025,1,2024/9/22 20:44
user_0785,room_023,1,2024/9/22 20:44
user_0063,room_003,1,2024/9/22 20:47
user_0962,room_003,100,2024/9/22 20:50
user_0658,room_018,5,2024/9/22 20:52
user_0990,room_009,100,2024/9/22 20:56
user_0990,room_001,100,2024/9/22 21:02
user_0959,room_005,50,2024/9/22 21:10
user_0386,room_009,1,2024/9/22 21:10
user_0962,room_009,50,2024/9/22 21:11
user_0758,room_025,1,2024/9/22 21:12
user_0990,room_003,100,2024/9/22 21:21
user_0988,room_006,50,2024/9/22 21:26
user_0959,room_003,200,2024/9/22 21:26
user_0990,room_006,50,2024/9/22 21:26
user_0999,room_010,50,2024/9/22 21:26
user_0962,room_009,50,2024/9/22 21:32
user_0986,room_014,100,2024/9/22 21:33
user_0813,room_014,5,2024/9/22 21:34
user_0990,room_004,100,2024/9/22 21:36
user_0316,room_005,1,2024/9/22 21:38
user_0962,room_005,200,2024/9/22 21:39
user_0990,room_013,100,2024/9/22 21:40
user_0999,room_004,50,2024/9/22 21:43
user_0151,room_002,1,2024/9/22 21:46
user_0959,room_011,200,2024/9/22 21:49
user_0859,room_011,1,2024/9/22 21:49
user_0988,room_002,50,2024/9/22 21:58
user_0986,room_008,100,2024/9/22 22:00
user_0962,room_010,50,2024/9/22 22:02
user_0988,room_010,50,2024/9/22 22:02
user_0990,room_011,50,2024/9/22 22:02
user_0988,room_012,50,2024/9/22 22:03
user_0988,room_005,100,2024/9/22 22:06
user_0066,room_012,1,2024/9/22 22:07
user_0988,room_003,50,2024/9/22 22:07
user_0775,room_023,1,2024/9/22 22:09
user_0988,room_008,50,2024/9/22 22:14
user_0119,room_013,5,2024/9/22 22:17
user_0629,room_026,1,2024/9/22 22:18
user_0959,room_006,50,2024/9/22 22:20
user_0335,room_005,20,2024/9/22 22:20
user_0990,room_009,100,2024/9/22 22:31
user_0137,room_004,5,2024/9/22 22:34
user_0123,room_023,1,2024/9/22 22:34
user_0823,room_005,10,2024/9/22 22:38
user_0962,room_009,200,2024/9/22 22:43
user_0189,room_026,1,2024/9/22 22:44
user_0988,room_012,100,2024/9/22 22:47
user_0056,room_016,1,2024/9/22 22:47
user_0962,room_010,50,2024/9/22 22:50
user_0986,room_013,100,2024/9/22 22:50
user_0988,room_005,200,2024/9/22 22:53
user_0355,room_020,1,2024/9/22 22:54
user_0887,room_012,1,2024/9/22 22:58
user_0750,room_026,1,2024/9/22 22:58
user_0988,room_001,50,2024/9/22 23:00
user_0986,room_009,50,2024/9/22 23:04
user_0959,room_011,200,2024/9/22 23:05
user_0986,room_003,100,2024/9/22 23:14
user_0424,room_025,1,2024/9/22 23:19
user_0962,room_001,100,2024/9/22 23:19
user_0959,room_012,100,2024/9/22 23:20
user_0092,room_019,1,2024/9/22 23:24
user_0962,room_012,200,2024/9/22 23:26
user_0988,room_001,200,2024/9/22 23:26
user_0999,room_004,100,2024/9/22 23:27
user_0962,room_010,50,2024/9/22 23:31
user_0214,room_001,1,2024/9/22 23:33
user_0300,room_004,1,2024/9/22 23:33
user_0013,room_004,10,2024/9/22 23:34
user_0999,room_003,50,2024/9/22 23:40
user_0959,room_006,50,2024/9/22 23:53
user_0999,room_009,100,2024/9/22 23:55
user_0999,room_013,50,2024/9/22 23:59
user_0500,room_016,1,2024/9/23 9:32
user_0884,room_025,20,2024/9/23 9:38
user_0919,room_011,1,2024/9/23 9:42
user_0720,room_007,5,2024/9/23 9:52
user_0564,room_006,1,2024/9/23 10:02
user_0363,room_023,1,2024/9/23 10:05
user_0324,room_022,1,2024/9/23 10:34
user_0907,room_008,5,2024/9/23 10:35
user_0257,room_020,5,2024/9/23 10:35
user_0091,room_020,1,2024/9/23 10:49
user_0652,room_025,1,2024/9/23 10:58
user_0309,room_005,1,2024/9/23 11:00
user_0674,room_015,1,2024/9/23 11:03
user_0356,room_010,1,2024/9/23 11:05
user_0104,room_023,1,2024/9/23 11:12
user_0883,room_006,1,2024/9/23 11:13
user_0853,room_002,5,2024/9/23 11:20
user_0543,room_007,1,2024/9/23 11:26
user_0912,room_021,1,2024/9/23 11:31
user_0106,room_006,20,2024/9/23 11:40
user_0434,room_009,1,2024/9/23 11:44
user_0081,room_028,1,2024/9/23 11:45
user_0530,room_008,1,2024/9/23 11:49
user_0820,room_006,20,2024/9/23 12:11
user_0947,room_017,5,2024/9/23 12:19
user_0355,room_003,1,2024/9/23 12:19
user_0698,room_001,5,2024/9/23 12:24
user_0844,room_007,1,2024/9/23 12:31
user_0133,room_019,5,2024/9/23 12:36
user_0650,room_028,1,2024/9/23 12:39
user_0024,room_024,1,2024/9/23 12:45
user_0149,room_011,1,2024/9/23 13:01
user_0921,room_020,1,2024/9/23 13:30
user_0067,room_005,1,2024/9/23 13:35
user_0294,room_026,1,2024/9/23 13:39
user_0045,room_019,1,2024/9/23 13:39
user_0164,room_013,5,2024/9/23 13:41
user_0117,room_029,1,2024/9/23 13:44
user_0113,room_008,1,2024/9/23 13:44
user_0317,room_009,1,2024/9/23 14:04
user_0010,room_026,1,2024/9/23 14:13
user_0167,room_020,5,2024/9/23 14:13
user_0047,room_020,1,2024/9/23 14:13
user_0586,room_010,1,2024/9/23 14:33
user_0271,room_023,1,2024/9/23 14:46
user_0766,room_013,1,2024/9/23 14:55
user_0506,room_013,5,2024/9/23 15:02
user_0544,room_013,10,2024/9/23 15:18
user_0003,room_015,1,2024/9/23 15:21
user_0708,room_016,5,2024/9/23 15:22
user_0052,room_002,1,2024/9/23 15:35
user_0774,room_003,5,2024/9/23 15:46
user_0256,room_022,1,2024/9/23 16:05
user_0124,room_025,1,2024/9/23 16:07
user_0038,room_001,1,2024/9/23 16:09
user_0209,room_026,10,2024/9/23 16:28
user_0708,room_015,5,2024/9/23 16:35
user_0774,room_004,10,2024/9/23 16:40
user_0704,room_021,1,2024/9/23 16:44
user_0009,room_015,1,2024/9/23 17:14
user_0511,room_008,1,2024/9/23 17:25
user_0166,room_020,1,2024/9/23 17:26
user_0665,room_021,1,2024/9/23 17:29
user_0910,room_011,5,2024/9/23 17:43
user_0474,room_022,10,2024/9/23 17:44
user_0430,room_023,5,2024/9/23 17:49
user_0573,room_018,20,2024/9/23 17:55
user_0770,room_020,1,2024/9/23 17:57
user_0316,room_024,1,2024/9/23 17:58
user_0893,room_017,1,2024/9/23 18:03
user_0570,room_026,1,2024/9/23 18:11
user_0829,room_015,5,2024/9/23 18:25
user_0820,room_001,20,2024/9/23 18:27
user_0931,room_016,1,2024/9/23 18:48
user_0903,room_005,5,2024/9/23 19:00
user_0579,room_004,5,2024/9/23 19:03
user_0258,room_027,1,2024/9/23 19:11
user_0691,room_020,1,2024/9/23 19:17
user_0582,room_019,1,2024/9/23 19:23
user_0472,room_001,1,2024/9/23 19:25
user_0353,room_024,5,2024/9/23 19:27
user_0480,room_007,5,2024/9/23 19:40
user_0002,room_021,5,2024/9/23 19:44
user_0539,room_004,20,2024/9/23 19:50
user_0988,room_009,50,2024/9/23 20:00
user_0988,room_005,100,2024/9/23 20:06
user_0990,room_003,50,2024/9/23 20:10
user_0959,room_003,100,2024/9/23 20:18
user_0999,room_002,50,2024/9/23 20:19
user_0988,room_014,50,2024/9/23 20:22
user_0986,room_002,100,2024/9/23 20:23
user_0075,room_018,1,2024/9/23 20:24
user_0988,room_011,50,2024/9/23 20:25
user_0900,room_011,5,2024/9/23 20:26
user_0980,room_012,200,2024/9/23 20:28
user_0990,room_012,100,2024/9/23 20:30
user_0296,room_010,5,2024/9/23 20:31
user_0962,room_009,200,2024/9/23 20:33
user_0986,room_009,50,2024/9/23 20:33
user_0986,room_011,200,2024/9/23 20:34
user_0555,room_008,10,2024/9/23 20:39
user_0988,room_011,100,2024/9/23 20:39
user_0690,room_006,1,2024/9/23 20:41
user_0962,room_009,100,2024/9/23 20:42
user_0748,room_012,1,2024/9/23 20:42
user_0999,room_008,50,2024/9/23 20:44
user_0980,room_005,200,2024/9/23 20:47
user_0986,room_004,50,2024/9/23 20:50
user_0640,room_029,1,2024/9/23 20:50
user_0999,room_008,100,2024/9/23 20:50
user_0962,room_014,50,2024/9/23 20:51
user_0959,room_013,200,2024/9/23 20:53
user_0959,room_012,50,2024/9/23 20:56
user_0759,room_019,1,2024/9/23 20:57
user_0988,room_009,50,2024/9/23 20:59
user_0999,room_012,100,2024/9/23 20:59
user_0257,room_002,1,2024/9/23 20:59
user_0988,room_013,200,2024/9/23 21:00
user_0959,room_014,50,2024/9/23 21:01
user_0990,room_003,50,2024/9/23 21:11
user_0907,room_017,5,2024/9/23 21:13
user_0980,room_010,50,2024/9/23 21:16
user_0391,room_008,1,2024/9/23 21:19
user_0642,room_019,1,2024/9/23 21:20
user_0999,room_010,50,2024/9/23 21:22
user_0988,room_014,50,2024/9/23 21:25
user_0986,room_010,50,2024/9/23 21:26
user_0242,room_023,5,2024/9/23 21:29
user_0814,room_018,5,2024/9/23 21:29
user_0962,room_010,50,2024/9/23 21:31
user_0980,room_013,50,2024/9/23 21:31
user_0986,room_004,100,2024/9/23 21:34
user_0999,room_005,50,2024/9/23 21:35
user_0363,room_017,1,2024/9/23 21:40
user_0988,room_002,200,2024/9/23 21:43
user_0389,room_014,1,2024/9/23 21:50
user_0988,room_012,100,2024/9/23 21:53
user_0332,room_023,20,2024/9/23 22:03
user_0139,room_022,5,2024/9/23 22:06
user_0625,room_002,1,2024/9/23 22:07
user_0229,room_007,1,2024/9/23 22:08
user_0986,room_008,200,2024/9/23 22:09
user_0959,room_005,50,2024/9/23 22:11
user_0988,room_014,50,2024/9/23 22:15
user_0988,room_008,50,2024/9/23 22:19
user_0990,room_008,100,2024/9/23 22:19
user_0999,room_014,50,2024/9/23 22:22
user_0988,room_005,50,2024/9/23 22:27
user_0962,room_008,50,2024/9/23 22:28
user_0395,room_015,1,2024/9/23 22:28
user_0943,room_019,1,2024/9/23 22:33
user_0225,room_019,10,2024/9/23 22:33
user_0804,room_006,20,2024/9/23 22:33
user_0986,room_009,200,2024/9/23 22:35
user_0554,room_026,1,2024/9/23 22:43
user_0980,room_006,100,2024/9/23 22:47
user_0214,room_012,5,2024/9/23 22:47
user_0990,room_008,200,2024/9/23 22:47
user_0962,room_014,50,2024/9/23 22:50
user_0986,room_006,100,2024/9/23 23:01
user_0962,room_011,100,2024/9/23 23:01
user_0988,room_011,100,2024/9/23 23:03
user_0962,room_013,50,2024/9/23 23:08
user_0412,room_011,5,2024/9/23 23:08
user_0472,room_010,10,2024/9/23 23:09
user_0980,room_008,100,2024/9/23 23:10
user_0988,room_003,100,2024/9/23 23:10
user_0988,room_005,50,2024/9/23 23:12
user_0962,room_007,50,2024/9/23 23:14
user_0990,room_011,50,2024/9/23 23:17
user_0988,room_006,50,2024/9/23 23:18
user_0959,room_011,100,2024/9/23 23:18
user_0827,room_026,1,2024/9/23 23:22
user_0536,room_017,10,2024/9/23 23:22
user_0988,room_013,50,2024/9/23 23:23
user_0988,room_004,50,2024/9/23 23:24
user_0962,room_005,50,2024/9/23 23:26
user_0999,room_012,50,2024/9/23 23:26
user_0545,room_007,1,2024/9/23 23:30
user_0980,room_011,200,2024/9/23 23:33
user_0990,room_009,100,2024/9/23 23:35
user_0990,room_014,50,2024/9/23 23:38
user_0840,room_005,10,2024/9/23 23:38
user_0990,room_011,100,2024/9/23 23:40
user_0394,room_020,5,2024/9/23 23:41
user_0917,room_028,5,2024/9/23 23:42
user_0816,room_006,1,2024/9/23 23:42
user_0990,room_005,100,2024/9/23 23:43
user_0980,room_010,100,2024/9/23 23:44
user_0573,room_005,1,2024/9/23 23:47
user_0138,room_005,1,2024/9/23 23:48
user_0134,room_001,1,2024/9/23 23:51
user_0959,room_008,50,2024/9/23 23:51
user_0962,room_004,100,2024/9/23 23:56
user_0699,room_027,1,2024/9/24 9:12
user_0694,room_017,1,2024/9/24 9:14
user_0184,room_005,1,2024/9/24 9:18
user_0730,room_004,20,2024/9/24 9:18
user_0292,room_027,20,2024/9/24 9:45
user_0701,room_024,5,2024/9/24 9:47
user_0150,room_024,10,2024/9/24 9:58
user_0683,room_014,1,2024/9/24 10:13
user_0138,room_009,1,2024/9/24 10:27
user_0175,room_029,1,2024/9/24 10:30
user_0360,room_017,1,2024/9/24 10:32
user_0486,room_005,1,2024/9/24 10:35
user_0445,room_017,1,2024/9/24 10:37
user_0843,room_004,10,2024/9/24 10:38
user_0734,room_004,5,2024/9/24 10:46
user_0724,room_025,5,2024/9/24 10:49
user_0546,room_021,5,2024/9/24 10:57
user_0708,room_026,1,2024/9/24 11:16
user_0255,room_025,5,2024/9/24 11:31
user_0874,room_014,5,2024/9/24 11:31
user_0843,room_016,5,2024/9/24 11:42
user_0054,room_004,1,2024/9/24 11:59
user_0707,room_002,5,2024/9/24 12:01
user_0536,room_019,20,2024/9/24 12:14
user_0556,room_027,1,2024/9/24 12:30
user_0892,room_024,10,2024/9/24 12:40
user_0834,room_012,5,2024/9/24 12:45
user_0590,room_013,5,2024/9/24 13:01
user_0806,room_006,5,2024/9/24 13:01
user_0444,room_017,1,2024/9/24 13:06
user_0434,room_004,1,2024/9/24 13:10
user_0000,room_011,5,2024/9/24 13:15
user_0854,room_029,1,2024/9/24 13:16
user_0622,room_004,1,2024/9/24 13:37
user_0840,room_002,10,2024/9/24 13:46
user_0360,room_026,1,2024/9/24 14:03
user_0040,room_029,1,2024/9/24 14:03
user_0447,room_004,1,2024/9/24 14:20
user_0936,room_003,20,2024/9/24 14:37
user_0278,room_015,10,2024/9/24 14:48
user_0191,room_019,1,2024/9/24 14:49
user_0673,room_007,5,2024/9/24 14:50
user_0310,room_010,10,2024/9/24 14:50
user_0031,room_024,1,2024/9/24 14:51
user_0422,room_008,1,2024/9/24 15:22
user_0739,room_016,1,2024/9/24 15:28
user_0509,room_021,5,2024/9/24 15:38
user_0896,room_026,5,2024/9/24 15:47
user_0890,room_018,1,2024/9/24 15:55
user_0933,room_015,1,2024/9/24 16:14
user_0619,room_022,1,2024/9/24 16:22
user_0348,room_023,1,2024/9/24 16:29
user_0260,room_010,10,2024/9/24 16:33
user_0051,room_026,10,2024/9/24 16:35
user_0889,room_017,1,2024/9/24 16:37
user_0345,room_013,20,2024/9/24 16:48
user_0509,room_029,1,2024/9/24 16:49
user_0022,room_024,1,2024/9/24 16:52
user_0924,room_018,10,2024/9/24 16:57
user_0245,room_003,10,2024/9/24 16:57
user_0039,room_017,20,2024/9/24 17:03
user_0771,room_027,10,2024/9/24 17:07
user_0453,room_012,1,2024/9/24 17:15
user_0488,room_019,1,2024/9/24 17:16
user_0102,room_013,1,2024/9/24 17:21
user_0723,room_018,10,2024/9/24 17:26
user_0349,room_014,10,2024/9/24 17:31
user_0382,room_024,1,2024/9/24 17:35
user_0537,room_009,1,2024/9/24 17:38
user_0104,room_024,10,2024/9/24 17:48
user_0578,room_029,1,2024/9/24 17:55
user_0582,room_003,10,2024/9/24 18:12
user_0874,room_003,1,2024/9/24 18:14
user_0441,room_027,20,2024/9/24 18:15
user_0096,room_015,1,2024/9/24 18:17
user_0333,room_003,1,2024/9/24 18:20
user_0785,room_021,1,2024/9/24 18:23
user_0011,room_027,1,2024/9/24 18:27
user_0608,room_012,1,2024/9/24 18:31
user_0681,room_022,1,2024/9/24 18:33
user_0796,room_007,1,2024/9/24 18:39
user_0846,room_015,10,2024/9/24 19:10
user_0250,room_017,5,2024/9/24 19:10
user_0765,room_009,1,2024/9/24 19:12
user_0064,room_017,1,2024/9/24 19:12
user_0161,room_007,1,2024/9/24 19:16
user_0631,room_020,1,2024/9/24 19:21
user_0599,room_017,10,2024/9/24 19:23
user_0878,room_012,1,2024/9/24 19:25
user_0611,room_014,5,2024/9/24 19:27
user_0837,room_017,1,2024/9/24 19:42
user_0433,room_013,20,2024/9/24 19:47
user_0999,room_004,50,2024/9/24 20:02
user_0990,room_013,50,2024/9/24 20:02
user_0980,room_013,100,2024/9/24 20:06
user_0990,room_002,100,2024/9/24 20:10
user_0980,room_012,100,2024/9/24 20:10
user_0996,room_003,100,2024/9/24 20:13
user_0996,room_011,50,2024/9/24 20:15
user_0476,room_018,5,2024/9/24 20:18
user_0988,room_013,200,2024/9/24 20:18
user_0959,room_013,50,2024/9/24 20:21
user_0999,room_007,50,2024/9/24 20:23
user_0973,room_005,50,2024/9/24 20:23
user_0183,room_014,1,2024/9/24 20:23
user_0959,room_013,100,2024/9/24 20:25
user_0565,room_019,5,2024/9/24 20:26
user_0990,room_011,50,2024/9/24 20:27
user_0999,room_012,100,2024/9/24 20:28
user_0385,room_023,1,2024/9/24 20:28
user_0996,room_005,50,2024/9/24 20:37
user_0988,room_001,50,2024/9/24 20:38
user_0789,room_024,1,2024/9/24 20:38
user_0988,room_010,100,2024/9/24 20:45
user_0990,room_008,50,2024/9/24 20:50
user_0990,room_010,100,2024/9/24 20:58
user_0986,room_005,50,2024/9/24 21:04
user_0959,room_004,200,2024/9/24 21:07
user_0988,room_004,50,2024/9/24 21:07
user_0988,room_004,200,2024/9/24 21:11
user_0980,room_001,100,2024/9/24 21:11
user_0990,room_008,50,2024/9/24 21:12
user_0959,room_003,50,2024/9/24 21:13
user_0973,room_001,50,2024/9/24 21:21
user_0973,room_005,50,2024/9/24 21:28
user_0988,room_011,100,2024/9/24 21:30
user_0343,room_014,1,2024/9/24 21:30
user_0999,room_003,100,2024/9/24 21:34
user_0525,room_024,1,2024/9/24 21:35
user_0959,room_010,50,2024/9/24 21:37
user_0999,room_013,50,2024/9/24 21:38
user_0980,room_007,50,2024/9/24 21:45
user_0986,room_006,50,2024/9/24 21:45
user_0990,room_004,50,2024/9/24 21:47
user_0973,room_009,200,2024/9/24 21:48
user_0398,room_001,1,2024/9/24 21:49
user_0176,room_003,20,2024/9/24 21:58
user_0847,room_010,1,2024/9/24 21:59
user_0999,room_007,100,2024/9/24 22:00
user_0570,room_006,1,2024/9/24 22:08
user_0996,room_014,50,2024/9/24 22:10
user_0341,room_003,5,2024/9/24 22:12
user_0990,room_003,200,2024/9/24 22:13
user_0990,room_014,50,2024/9/24 22:13
user_0433,room_017,5,2024/9/24 22:15
user_0990,room_004,200,2024/9/24 22:15
user_0973,room_013,200,2024/9/24 22:16
user_0617,room_017,1,2024/9/24 22:18
user_0990,room_012,50,2024/9/24 22:19
user_0526,room_023,5,2024/9/24 22:19
user_0159,room_027,20,2024/9/24 22:21
user_0973,room_003,100,2024/9/24 22:28
user_0652,room_014,1,2024/9/24 22:35
user_0986,room_005,50,2024/9/24 22:37
user_0996,room_001,100,2024/9/24 22:38
user_0959,room_002,50,2024/9/24 22:38
user_0986,room_013,200,2024/9/24 22:40
user_0211,room_015,1,2024/9/24 22:42
user_0980,room_007,200,2024/9/24 22:44
user_0990,room_005,50,2024/9/24 22:44
user_0980,room_005,50,2024/9/24 22:46
user_0996,room_009,50,2024/9/24 22:48
user_0996,room_010,200,2024/9/24 22:48
user_0973,room_011,100,2024/9/24 22:53
user_0990,room_005,100,2024/9/24 22:57
user_0988,room_009,50,2024/9/24 22:57
user_0990,room_007,50,2024/9/24 22:57
user_0959,room_009,50,2024/9/24 23:05
user_0996,room_006,200,2024/9/24 23:05
user_0990,room_005,100,2024/9/24 23:05
user_0435,room_019,1,2024/9/24 23:07
user_0336,room_009,1,2024/9/24 23:11
user_0069,room_025,1,2024/9/24 23:11
user_0973,room_006,100,2024/9/24 23:13
user_0988,room_001,50,2024/9/24 23:13
user_0999,room_012,50,2024/9/24 23:16
user_0067,room_014,5,2024/9/24 23:19
user_0480,room_015,5,2024/9/24 23:21
user_0929,room_004,10,2024/9/24 23:26
user_0929,room_001,1,2024/9/24 23:27
user_0959,room_008,50,2024/9/24 23:29
user_0079,room_015,1,2024/9/24 23:32
user_0999,room_002,100,2024/9/24 23:33
user_0980,room_003,100,2024/9/24 23:37
user_0267,room_025,1,2024/9/24 23:38
user_0980,room_003,50,2024/9/24 23:40
user_0615,room_014,1,2024/9/24 23:40
user_0821,room_018,10,2024/9/24 23:45
user_0980,room_002,50,2024/9/24 23:45
user_0602,room_012,1,2024/9/24 23:46
user_0980,room_014,50,2024/9/24 23:48
user_0639,room_027,1,2024/9/24 23:48
user_0990,room_007,50,2024/9/24 23:48
user_0973,room_002,100,2024/9/24 23:50
user_0990,room_001,50,2024/9/24 23:59
user_0089,room_015,1,2024/9/25 9:15
user_0329,room_009,1,2024/9/25 9:19
user_0860,room_007,10,2024/9/25 9:24
user_0838,room_003,1,2024/9/25 9:30
user_0012,room_014,1,2024/9/25 9:55
user_0244,room_007,5,2024/9/25 9:55
user_0765,room_012,1,2024/9/25 9:59
user_0331,room_001,1,2024/9/25 10:02
user_0532,room_023,5,2024/9/25 10:08
user_0704,room_012,20,2024/9/25 10:15
user_0859,room_017,5,2024/9/25 10:17
user_0889,room_020,1,2024/9/25 10:20
user_0421,room_003,1,2024/9/25 10:37
user_0938,room_016,1,2024/9/25 10:38
user_0368,room_005,5,2024/9/25 10:46
user_0472,room_019,1,2024/9/25 10:54
user_0504,room_003,5,2024/9/25 10:59
user_0200,room_002,1,2024/9/25 11:04
user_0022,room_028,1,2024/9/25 11:08
user_0921,room_028,5,2024/9/25 11:29
user_0119,room_004,5,2024/9/25 11:30
user_0939,room_007,5,2024/9/25 11:34
user_0775,room_024,5,2024/9/25 11:58
user_0765,room_022,5,2024/9/25 12:04
user_0310,room_004,1,2024/9/25 12:11
user_0396,room_006,10,2024/9/25 12:18
user_0908,room_007,1,2024/9/25 12:20
user_0643,room_021,1,2024/9/25 12:26
user_0414,room_023,5,2024/9/25 12:27
user_0464,room_004,10,2024/9/25 12:36
user_0737,room_002,1,2024/9/25 12:47
user_0079,room_008,1,2024/9/25 12:53
user_0159,room_017,1,2024/9/25 12:55
user_0006,room_006,1,2024/9/25 13:05
user_0925,room_015,5,2024/9/25 13:12
user_0785,room_019,1,2024/9/25 13:20
user_0312,room_022,1,2024/9/25 13:21
user_0678,room_005,1,2024/9/25 13:22
user_0837,room_001,1,2024/9/25 13:29
user_0613,room_024,5,2024/9/25 13:31
user_0187,room_015,20,2024/9/25 13:36
user_0869,room_006,1,2024/9/25 13:41
user_0255,room_003,10,2024/9/25 13:45
user_0013,room_007,1,2024/9/25 13:49
user_0544,room_017,1,2024/9/25 13:53
user_0361,room_019,10,2024/9/25 14:01
user_0239,room_007,1,2024/9/25 14:08
user_0803,room_010,1,2024/9/25 14:09
user_0090,room_004,1,2024/9/25 14:10
user_0590,room_017,1,2024/9/25 14:32
user_0574,room_029,1,2024/9/25 14:35
user_0553,room_028,5,2024/9/25 14:39
user_0656,room_018,5,2024/9/25 14:49
user_0134,room_028,5,2024/9/25 15:02
user_0930,room_024,1,2024/9/25 15:05
user_0222,room_015,5,2024/9/25 15:32
user_0689,room_003,5,2024/9/25 15:51
user_0083,room_025,20,2024/9/25 15:54
user_0122,room_019,5,2024/9/25 15:55
user_0888,room_018,1,2024/9/25 16:02
user_0866,room_001,1,2024/9/25 16:07
user_0763,room_021,1,2024/9/25 16:08
user_0698,room_004,1,2024/9/25 16:15
user_0559,room_016,5,2024/9/25 16:20
user_0942,room_012,1,2024/9/25 16:26
user_0398,room_028,1,2024/9/25 16:36
user_0813,room_020,1,2024/9/25 16:36
user_0122,room_008,5,2024/9/25 17:02
user_0279,room_001,1,2024/9/25 17:17
user_0080,room_028,5,2024/9/25 17:31
user_0886,room_028,5,2024/9/25 17:32
user_0105,room_002,1,2024/9/25 17:38
user_0262,room_025,1,2024/9/25 17:40
user_0054,room_016,1,2024/9/25 17:56
user_0463,room_027,5,2024/9/25 18:14
user_0713,room_014,20,2024/9/25 18:15
user_0582,room_022,5,2024/9/25 18:34
user_0739,room_020,10,2024/9/25 18:36
user_0289,room_020,1,2024/9/25 18:36
user_0563,room_003,1,2024/9/25 18:38
user_0238,room_007,5,2024/9/25 18:47
user_0218,room_014,5,2024/9/25 18:51
user_0089,room_018,1,2024/9/25 19:02
user_0201,room_007,5,2024/9/25 19:04
user_0938,room_009,1,2024/9/25 19:11
user_0244,room_004,1,2024/9/25 19:12
user_0251,room_029,1,2024/9/25 19:23
user_0738,room_024,5,2024/9/25 19:24
user_0151,room_009,1,2024/9/25 19:43
user_0325,room_017,1,2024/9/25 19:46
user_0852,room_025,5,2024/9/25 19:47
user_0825,room_010,5,2024/9/25 19:51
user_0996,room_001,100,2024/9/25 20:03
user_0968,room_008,50,2024/9/25 20:03
user_0980,room_004,50,2024/9/25 20:06
user_0996,room_003,200,2024/9/25 20:06
user_0973,room_004,200,2024/9/25 20:11
user_0582,room_020,1,2024/9/25 20:12
user_0977,room_006,100,2024/9/25 20:14
user_0996,room_007,200,2024/9/25 20:15
user_0996,room_010,50,2024/9/25 20:19
user_0968,room_013,200,2024/9/25 20:19
user_0977,room_012,100,2024/9/25 20:25
user_0977,room_007,50,2024/9/25 20:26
user_0399,room_019,1,2024/9/25 20:28
user_0229,room_019,1,2024/9/25 20:30
user_0996,room_009,50,2024/9/25 20:32
user_0980,room_009,50,2024/9/25 20:33
user_0996,room_011,100,2024/9/25 20:36
user_0977,room_008,200,2024/9/25 20:42
user_0950,room_011,50,2024/9/25 20:46
user_0746,room_004,1,2024/9/25 20:54
user_0980,room_013,50,2024/9/25 20:55
user_0950,room_007,50,2024/9/25 20:58
user_0009,room_024,1,2024/9/25 21:03
user_0996,room_009,50,2024/9/25 21:03
user_0980,room_001,200,2024/9/25 21:05
user_0977,room_013,100,2024/9/25 21:05
user_0973,room_008,50,2024/9/25 21:06
user_0948,room_009,5,2024/9/25 21:07
user_0003,room_028,20,2024/9/25 21:10
user_0530,room_022,10,2024/9/25 21:10
user_0980,room_006,50,2024/9/25 21:11
user_0977,room_006,100,2024/9/25 21:13
user_0401,room_004,5,2024/9/25 21:15
user_0973,room_001,100,2024/9/25 21:16
user_0950,room_007,50,2024/9/25 21:18
user_0977,room_009,50,2024/9/25 21:26
user_0968,room_002,50,2024/9/25 21:26
user_0950,room_012,50,2024/9/25 21:26
user_0968,room_009,100,2024/9/25 21:34
user_0996,room_009,100,2024/9/25 21:34
user_0996,room_008,200,2024/9/25 21:35
user_0448,room_001,20,2024/9/25 21:37
user_0950,room_010,100,2024/9/25 21:42
user_0516,room_016,1,2024/9/25 21:43
user_0977,room_002,50,2024/9/25 21:46
user_0968,room_012,50,2024/9/25 21:46
user_0968,room_010,50,2024/9/25 21:50
user_0950,room_003,100,2024/9/25 21:58
user_0973,room_004,100,2024/9/25 21:59
user_0916,room_016,1,2024/9/25 22:03
user_0803,room_017,1,2024/9/25 22:06
user_0950,room_011,100,2024/9/25 22:07
user_0996,room_011,50,2024/9/25 22:08
user_0689,room_004,1,2024/9/25 22:08
user_0973,room_008,100,2024/9/25 22:12
user_0435,room_003,1,2024/9/25 22:17
user_0973,room_002,50,2024/9/25 22:17
user_0977,room_010,50,2024/9/25 22:20
user_0968,room_014,50,2024/9/25 22:21
user_0681,room_003,1,2024/9/25 22:23
user_0823,room_002,1,2024/9/25 22:24
user_0088,room_016,1,2024/9/25 22:26
user_0973,room_003,200,2024/9/25 22:33
user_0661,room_023,1,2024/9/25 22:34
user_0968,room_012,100,2024/9/25 22:34
user_0973,room_005,50,2024/9/25 22:35
user_0950,room_004,50,2024/9/25 22:37
user_0977,room_012,100,2024/9/25 22:40
user_0432,room_020,5,2024/9/25 22:41
user_0408,room_022,1,2024/9/25 22:46
user_0293,room_012,5,2024/9/25 22:46
user_0417,room_009,5,2024/9/25 22:48
user_0973,room_003,50,2024/9/25 22:51
user_0980,room_009,50,2024/9/25 22:52
user_0977,room_003,50,2024/9/25 22:52
user_0973,room_004,100,2024/9/25 22:52
user_0977,room_013,100,2024/9/25 22:54
user_0581,room_010,1,2024/9/25 22:55
user_0977,room_006,200,2024/9/25 22:58
user_0968,room_006,100,2024/9/25 23:00
user_0977,room_003,100,2024/9/25 23:01
user_0435,room_028,1,2024/9/25 23:01
user_0547,room_011,1,2024/9/25 23:02
user_0526,room_023,1,2024/9/25 23:11
user_0996,room_010,50,2024/9/25 23:12
user_0973,room_003,100,2024/9/25 23:17
user_0973,room_014,100,2024/9/25 23:25
user_0973,room_004,100,2024/9/25 23:27
user_0977,room_009,100,2024/9/25 23:27
user_0996,room_010,200,2024/9/25 23:32
user_0996,room_002,50,2024/9/25 23:37
user_0968,room_001,50,2024/9/25 23:38
user_0857,room_005,1,2024/9/25 23:41
user_0968,room_009,50,2024/9/25 23:44
user_0950,room_002,50,2024/9/25 23:48
user_0996,room_002,100,2024/9/25 23:52
user_0968,room_001,200,2024/9/25 23:53
user_0973,room_005,100,2024/9/25 23:56
user_0249,room_003,1,2024/9/26 9:04
user_0320,room_005,10,2024/9/26 9:29
user_0768,room_022,1,2024/9/26 9:33
user_0690,room_017,1,2024/9/26 9:35
user_0402,room_018,5,2024/9/26 9:36
user_0004,room_025,20,2024/9/26 9:46
user_0416,room_017,10,2024/9/26 10:06
user_0746,room_008,1,2024/9/26 10:19
user_0817,room_005,10,2024/9/26 10:20
user_0944,room_027,1,2024/9/26 10:26
user_0159,room_013,5,2024/9/26 10:29
user_0876,room_029,1,2024/9/26 10:29
user_0543,room_017,1,2024/9/26 10:31
user_0482,room_025,1,2024/9/26 10:46
user_0247,room_014,5,2024/9/26 10:46
user_0792,room_018,1,2024/9/26 10:47
user_0241,room_010,1,2024/9/26 11:04
user_0456,room_023,1,2024/9/26 11:05
user_0551,room_019,1,2024/9/26 11:07
user_0917,room_015,20,2024/9/26 11:10
user_0422,room_017,20,2024/9/26 11:15
user_0259,room_018,1,2024/9/26 11:15
user_0183,room_009,5,2024/9/26 11:35
user_0703,room_004,20,2024/9/26 12:00
user_0501,room_013,20,2024/9/26 12:08
user_0056,room_023,10,2024/9/26 12:17
user_0374,room_004,20,2024/9/26 12:20
user_0877,room_021,5,2024/9/26 12:27
user_0426,room_029,10,2024/9/26 12:31
user_0611,room_005,5,2024/9/26 12:45
user_0567,room_026,5,2024/9/26 12:45
user_0125,room_025,10,2024/9/26 12:45
user_0913,room_006,20,2024/9/26 12:53
user_0916,room_002,1,2024/9/26 13:10
user_0916,room_026,1,2024/9/26 13:14
user_0021,room_026,20,2024/9/26 13:15
user_0940,room_006,1,2024/9/26 13:17
user_0818,room_026,1,2024/9/26 13:34
user_0517,room_011,1,2024/9/26 13:45
user_0322,room_008,1,2024/9/26 13:46
user_0456,room_020,1,2024/9/26 14:07
user_0475,room_002,5,2024/9/26 14:14
user_0009,room_011,1,2024/9/26 14:25
user_0657,room_014,20,2024/9/26 14:26
user_0915,room_015,1,2024/9/26 14:31
user_0258,room_001,1,2024/9/26 14:32
user_0820,room_021,1,2024/9/26 14:34
user_0281,room_020,5,2024/9/26 14:35
user_0378,room_027,10,2024/9/26 14:44
user_0626,room_017,5,2024/9/26 14:46
user_0645,room_023,1,2024/9/26 14:51
user_0160,room_016,1,2024/9/26 15:00
user_0539,room_008,1,2024/9/26 15:01
user_0504,room_026,5,2024/9/26 15:07
user_0374,room_002,1,2024/9/26 15:23
user_0663,room_027,5,2024/9/26 15:30
user_0820,room_011,5,2024/9/26 15:36
user_0387,room_007,1,2024/9/26 15:40
user_0376,room_029,1,2024/9/26 15:43
user_0085,room_005,5,2024/9/26 15:46
user_0405,room_013,1,2024/9/26 15:58
user_0259,room_003,5,2024/9/26 16:01
user_0873,room_009,1,2024/9/26 16:01
user_0250,room_008,10,2024/9/26 16:02
user_0153,room_005,1,2024/9/26 16:02
user_0306,room_020,5,2024/9/26 16:11
user_0219,room_018,1,2024/9/26 16:14
user_0038,room_008,5,2024/9/26 16:18
user_0461,room_006,1,2024/9/26 16:22
user_0696,room_025,1,2024/9/26 16:23
user_0850,room_025,1,2024/9/26 16:24
user_0282,room_016,20,2024/9/26 16:33
user_0078,room_011,10,2024/9/26 16:42
user_0623,room_026,1,2024/9/26 16:56
user_0340,room_015,1,2024/9/26 16:58
user_0440,room_022,5,2024/9/26 17:02
user_0247,room_011,1,2024/9/26 17:17
user_0649,room_019,1,2024/9/26 17:18
user_0409,room_023,5,2024/9/26 17:25
user_0590,room_021,1,2024/9/26 17:28
user_0774,room_022,10,2024/9/26 17:39
user_0038,room_001,1,2024/9/26 17:42
user_0840,room_007,1,2024/9/26 18:16
user_0109,room_020,1,2024/9/26 18:19
user_0736,room_009,1,2024/9/26 18:24
user_0521,room_014,1,2024/9/26 18:25
user_0560,room_016,5,2024/9/26 18:28
user_0198,room_001,1,2024/9/26 18:29
user_0586,room_025,5,2024/9/26 18:35
user_0500,room_012,1,2024/9/26 18:43
user_0923,room_009,1,2024/9/26 18:46
user_0094,room_019,5,2024/9/26 18:50
user_0605,room_024,5,2024/9/26 18:54
user_0718,room_003,5,2024/9/26 19:03
user_0451,room_016,1,2024/9/26 19:19
user_0331,room_023,1,2024/9/26 19:26
user_0474,room_025,1,2024/9/26 19:31
user_0045,room_029,5,2024/9/26 19:33
user_0210,room_012,1,2024/9/26 19:41
user_0316,room_021,1,2024/9/26 19:52
user_0256,room_007,10,2024/9/26 19:54
user_0991,room_009,50,2024/9/26 20:00
user_0950,room_007,50,2024/9/26 20:05
user_0671,room_016,1,2024/9/26 20:09
user_0973,room_004,100,2024/9/26 20:10
user_0973,room_013,50,2024/9/26 20:13
user_0297,room_013,1,2024/9/26 20:17
user_0579,room_029,1,2024/9/26 20:18
user_0996,room_009,50,2024/9/26 20:21
user_0973,room_013,100,2024/9/26 20:22
user_0973,room_013,50,2024/9/26 20:29
user_0950,room_014,100,2024/9/26 20:33
user_0991,room_013,50,2024/9/26 20:34
user_0996,room_009,50,2024/9/26 20:36
user_0977,room_006,100,2024/9/26 20:38
user_0749,room_007,1,2024/9/26 20:39
user_0841,room_016,5,2024/9/26 20:39
user_0466,room_022,1,2024/9/26 20:44
user_0996,room_011,100,2024/9/26 20:45
user_0996,room_003,100,2024/9/26 20:48
user_0973,room_006,100,2024/9/26 20:50
user_0991,room_011,50,2024/9/26 20:52
user_0996,room_003,200,2024/9/26 20:52
user_0968,room_007,50,2024/9/26 20:58
user_0866,room_011,5,2024/9/26 21:04
user_0453,room_012,5,2024/9/26 21:08
user_0638,room_028,1,2024/9/26 21:24
user_0977,room_005,50,2024/9/26 21:29
user_0883,room_025,5,2024/9/26 21:30
user_0968,room_012,50,2024/9/26 21:39
user_0894,room_009,1,2024/9/26 21:40
user_0899,room_009,5,2024/9/26 21:44
user_0991,room_012,50,2024/9/26 21:52
user_0973,room_009,100,2024/9/26 21:54
user_0977,room_005,50,2024/9/26 21:59
user_0973,room_006,50,2024/9/26 22:00
user_0002,room_027,5,2024/9/26 22:00
user_0977,room_002,100,2024/9/26 22:02
user_0991,room_003,50,2024/9/26 22:02
user_0950,room_004,50,2024/9/26 22:10
user_0973,room_010,100,2024/9/26 22:14
user_0371,room_010,1,2024/9/26 22:21
user_0797,room_008,20,2024/9/26 22:26
user_0973,room_012,50,2024/9/26 22:27
user_0950,room_007,50,2024/9/26 22:29
user_0973,room_003,50,2024/9/26 22:31
user_0389,room_008,1,2024/9/26 22:34
user_0977,room_012,100,2024/9/26 22:35
user_0950,room_009,50,2024/9/26 22:35
user_0483,room_017,1,2024/9/26 22:36
user_0968,room_009,50,2024/9/26 22:38
user_0881,room_011,1,2024/9/26 22:40
user_0134,room_027,1,2024/9/26 22:41
user_0991,room_008,100,2024/9/26 22:45
user_0991,room_003,100,2024/9/26 22:46
user_0521,room_015,1,2024/9/26 22:51
user_0968,room_001,200,2024/9/26 23:02
user_0977,room_013,50,2024/9/26 23:06
user_0950,room_013,100,2024/9/26 23:07
user_0973,room_010,100,2024/9/26 23:11
user_0353,room_023,20,2024/9/26 23:11
user_0114,room_023,1,2024/9/26 23:12
user_0968,room_001,50,2024/9/26 23:17
user_0680,room_021,10,2024/9/26 23:21
user_0968,room_001,50,2024/9/26 23:22
user_0950,room_008,100,2024/9/26 23:27
user_0707,room_019,1,2024/9/26 23:28
user_0996,room_006,100,2024/9/26 23:30
user_0172,room_011,1,2024/9/26 23:38
user_0973,room_002,100,2024/9/26 23:40
user_0813,room_008,1,2024/9/26 23:44
user_0973,room_002,50,2024/9/26 23:45
user_0287,room_018,1,2024/9/26 23:46
user_0973,room_001,100,2024/9/26 23:48
user_0991,room_009,50,2024/9/26 23:57
user_0512,room_025,10,2024/9/27 9:15
user_0537,room_026,1,2024/9/27 9:19
user_0286,room_016,5,2024/9/27 9:23
user_0755,room_018,1,2024/9/27 9:35
user_0323,room_019,5,2024/9/27 9:47
user_0847,room_029,1,2024/9/27 10:03
user_0876,room_003,5,2024/9/27 10:07
user_0592,room_010,1,2024/9/27 10:13
user_0360,room_029,5,2024/9/27 10:21
user_0936,room_027,5,2024/9/27 10:23
user_0900,room_022,5,2024/9/27 10:28
user_0718,room_009,10,2024/9/27 10:29
user_0909,room_002,20,2024/9/27 10:30
user_0669,room_029,5,2024/9/27 10:46
user_0787,room_003,1,2024/9/27 10:48
user_0415,room_019,1,2024/9/27 10:55
user_0157,room_017,5,2024/9/27 11:16
user_0091,room_002,5,2024/9/27 11:19
user_0647,room_005,5,2024/9/27 11:30
user_0126,room_025,1,2024/9/27 11:31
user_0632,room_022,1,2024/9/27 11:38
user_0151,room_001,1,2024/9/27 11:40
user_0214,room_010,1,2024/9/27 11:42
user_0547,room_012,1,2024/9/27 11:55
user_0614,room_027,1,2024/9/27 11:57
user_0745,room_003,1,2024/9/27 12:12
user_0924,room_016,1,2024/9/27 12:28
user_0405,room_028,5,2024/9/27 12:48
user_0943,room_022,1,2024/9/27 12:50
user_0222,room_011,5,2024/9/27 12:51
user_0563,room_023,5,2024/9/27 12:54
user_0721,room_019,1,2024/9/27 13:04
user_0604,room_029,1,2024/9/27 13:12
user_0657,room_011,20,2024/9/27 13:15
user_0769,room_029,5,2024/9/27 13:29
user_0622,room_020,5,2024/9/27 13:53
user_0614,room_023,1,2024/9/27 13:54
user_0846,room_019,10,2024/9/27 14:03
user_0828,room_020,1,2024/9/27 14:07
user_0509,room_013,5,2024/9/27 14:17
user_0399,room_019,10,2024/9/27 14:34
user_0208,room_004,10,2024/9/27 14:45
user_0720,room_006,1,2024/9/27 14:50
user_0346,room_009,1,2024/9/27 14:58
user_0796,room_027,1,2024/9/27 14:59
user_0626,room_007,5,2024/9/27 15:01
user_0550,room_021,5,2024/9/27 15:44
user_0767,room_007,5,2024/9/27 15:46
user_0510,room_021,5,2024/9/27 15:47
user_0698,room_014,10,2024/9/27 15:53
user_0121,room_026,10,2024/9/27 16:05
user_0169,room_025,5,2024/9/27 16:05
user_0578,room_010,1,2024/9/27 16:06
user_0490,room_022,1,2024/9/27 16:09
user_0833,room_029,5,2024/9/27 16:24
user_0513,room_002,5,2024/9/27 16:32
user_0394,room_022,1,2024/9/27 16:39
user_0869,room_014,1,2024/9/27 16:48
user_0845,room_020,1,2024/9/27 16:48
user_0163,room_004,5,2024/9/27 16:58
user_0299,room_020,5,2024/9/27 17:17
user_0798,room_028,5,2024/9/27 17:19
user_0060,room_002,1,2024/9/27 17:21
user_0499,room_009,1,2024/9/27 17:26
user_0803,room_019,1,2024/9/27 17:43
user_0910,room_024,1,2024/9/27 17:57
user_0261,room_020,5,2024/9/27 18:04
user_0502,room_008,1,2024/9/27 18:16
user_0370,room_014,1,2024/9/27 18:24
user_0570,room_003,1,2024/9/27 18:30
user_0130,room_018,1,2024/9/27 18:37
user_0616,room_014,1,2024/9/27 18:37
user_0188,room_029,1,2024/9/27 18:39
user_0279,room_024,1,2024/9/27 18:43
user_0598,room_027,1,2024/9/27 19:01
user_0502,room_003,1,2024/9/27 19:09
user_0350,room_001,1,2024/9/27 19:14
user_0093,room_008,5,2024/9/27 19:15
user_0149,room_004,5,2024/9/27 19:25
user_0405,room_022,1,2024/9/27 19:25
user_0016,room_025,5,2024/9/27 19:32
user_0490,room_015,5,2024/9/27 19:40
user_0196,room_018,5,2024/9/27 19:51
user_0376,room_004,1,2024/9/27 20:04
user_0950,room_007,100,2024/9/27 20:05
user_0514,room_020,10,2024/9/27 20:05
user_0950,room_010,100,2024/9/27 20:06
user_0384,room_017,5,2024/9/27 20:09
user_0991,room_008,50,2024/9/27 20:10
user_0950,room_010,200,2024/9/27 20:11
user_0985,room_004,50,2024/9/27 20:11
user_0985,room_009,100,2024/9/27 20:15
user_0951,room_013,50,2024/9/27 20:23
user_0965,room_014,50,2024/9/27 20:28
user_0950,room_014,100,2024/9/27 20:33
user_0985,room_011,100,2024/9/27 20:35
user_0994,room_001,50,2024/9/27 20:36
user_0639,room_005,1,2024/9/27 20:36
user_0228,room_013,5,2024/9/27 20:41
user_0812,room_018,1,2024/9/27 20:44
user_0451,room_010,5,2024/9/27 20:44
user_0358,room_008,10,2024/9/27 20:52
user_0977,room_007,50,2024/9/27 20:52
user_0951,room_001,50,2024/9/27 20:53
user_0965,room_004,50,2024/9/27 20:53
user_0216,room_018,20,2024/9/27 20:56
user_0198,room_018,1,2024/9/27 20:58
user_0994,room_007,100,2024/9/27 20:58
user_0951,room_005,200,2024/9/27 21:01
user_0399,room_016,10,2024/9/27 21:02
user_0974,room_012,100,2024/9/27 21:02
user_0974,room_008,100,2024/9/27 21:04
user_0974,room_002,100,2024/9/27 21:09
user_0985,room_007,100,2024/9/27 21:09
user_0696,room_008,1,2024/9/27 21:09
user_0454,room_014,5,2024/9/27 21:14
user_0977,room_001,50,2024/9/27 21:16
user_0991,room_012,100,2024/9/27 21:17
user_0974,room_002,200,2024/9/27 21:19
user_0885,room_015,1,2024/9/27 21:19
user_0968,room_001,200,2024/9/27 21:19
user_0508,room_012,1,2024/9/27 21:19
user_0977,room_006,50,2024/9/27 21:21
user_0994,room_002,50,2024/9/27 21:23
user_0951,room_006,50,2024/9/27 21:24
user_0950,room_013,200,2024/9/27 21:28
user_0977,room_011,100,2024/9/27 21:32
user_0950,room_009,50,2024/9/27 21:32
user_0171,room_007,20,2024/9/27 21:35
user_0950,room_001,100,2024/9/27 21:37
user_0968,room_010,200,2024/9/27 21:37
user_0977,room_004,200,2024/9/27 21:39
user_0968,room_008,200,2024/9/27 21:41
user_0985,room_014,50,2024/9/27 21:41
user_0588,room_012,1,2024/9/27 21:41
user_0991,room_005,50,2024/9/27 21:46
user_0994,room_001,50,2024/9/27 21:49
user_0994,room_005,50,2024/9/27 21:54
user_0467,room_019,1,2024/9/27 21:56
user_0977,room_008,100,2024/9/27 22:00
user_0968,room_003,50,2024/9/27 22:02
user_0994,room_003,50,2024/9/27 22:08
user_0951,room_007,200,2024/9/27 22:12
user_0172,room_022,5,2024/9/27 22:14
user_0746,room_002,1,2024/9/27 22:18
user_0451,room_002,10,2024/9/27 22:20
user_0985,room_009,50,2024/9/27 22:23
user_0556,room_013,1,2024/9/27 22:35
user_0994,room_012,50,2024/9/27 22:35
user_0968,room_009,50,2024/9/27 22:40
user_0968,room_001,50,2024/9/27 22:41
user_0974,room_003,50,2024/9/27 22:42
user_0940,room_020,1,2024/9/27 22:43
user_0950,room_001,100,2024/9/27 22:43
user_0376,room_028,1,2024/9/27 22:50
user_0974,room_009,50,2024/9/27 22:54
user_0371,room_015,1,2024/9/27 22:55
user_0968,room_002,100,2024/9/27 22:56
user_0968,room_013,200,2024/9/27 22:56
user_0994,room_005,50,2024/9/27 22:58
user_0768,room_018,1,2024/9/27 23:02
user_0977,room_009,200,2024/9/27 23:04
user_0974,room_006,100,2024/9/27 23:04
user_0097,room_023,1,2024/9/27 23:05
user_0543,room_004,1,2024/9/27 23:06
user_0965,room_006,100,2024/9/27 23:13
user_0994,room_006,200,2024/9/27 23:22
user_0950,room_004,100,2024/9/27 23:23
user_0977,room_008,100,2024/9/27 23:24
user_0951,room_004,50,2024/9/27 23:25
user_0974,room_010,200,2024/9/27 23:27
user_0994,room_001,200,2024/9/27 23:28
user_0951,room_011,200,2024/9/27 23:28
user_0968,room_001,100,2024/9/27 23:28
user_0235,room_004,5,2024/9/27 23:31
user_0994,room_005,50,2024/9/27 23:33
user_0951,room_009,50,2024/9/27 23:43
user_0977,room_009,200,2024/9/27 23:43
user_0951,room_008,50,2024/9/27 23:43
user_0951,room_003,50,2024/9/27 23:46
user_0974,room_009,100,2024/9/27 23:46
user_0974,room_002,100,2024/9/27 23:49
user_0951,room_005,50,2024/9/27 23:50
user_0965,room_013,100,2024/9/27 23:53
user_0951,room_014,200,2024/9/27 23:56
user_0965,room_005,200,2024/9/27 23:56
user_0150,room_026,1,2024/9/27 23:57
user_0049,room_017,1,2024/9/28 9:05
user_0268,room_023,1,2024/9/28 9:05
user_0716,room_007,1,2024/9/28 9:12
user_0438,room_029,5,2024/9/28 9:15
user_0844,room_016,1,2024/9/28 9:21
user_0782,room_013,5,2024/9/28 9:42
user_0637,room_019,1,2024/9/28 9:44
user_0032,room_024,10,2024/9/28 10:15
user_0198,room_009,1,2024/9/28 10:15
user_0226,room_021,5,2024/9/28 10:18
user_0597,room_013,20,2024/9/28 10:22
user_0277,room_011,1,2024/9/28 10:27
user_0527,room_017,5,2024/9/28 10:30
user_0059,room_019,5,2024/9/28 10:49
user_0350,room_009,10,2024/9/28 10:52
user_0737,room_029,1,2024/9/28 10:55
user_0040,room_028,10,2024/9/28 11:04
user_0559,room_003,5,2024/9/28 11:04
user_0466,room_016,5,2024/9/28 11:11
user_0405,room_003,1,2024/9/28 11:15
user_0758,room_026,1,2024/9/28 11:19
user_0211,room_002,1,2024/9/28 11:21
user_0189,room_011,1,2024/9/28 11:36
user_0679,room_023,5,2024/9/28 11:40
user_0417,room_026,1,2024/9/28 11:41
user_0619,room_011,5,2024/9/28 11:47
user_0827,room_008,1,2024/9/28 11:54
user_0895,room_029,1,2024/9/28 12:05
user_0421,room_014,1,2024/9/28 12:05
user_0035,room_024,5,2024/9/28 12:10
user_0058,room_008,10,2024/9/28 12:14
user_0896,room_026,10,2024/9/28 12:15
user_0338,room_016,1,2024/9/28 12:19
user_0041,room_023,1,2024/9/28 12:25
user_0515,room_014,10,2024/9/28 12:41
user_0346,room_014,1,2024/9/28 12:47
user_0792,room_019,5,2024/9/28 12:51
user_0006,room_004,1,2024/9/28 12:55
user_0843,room_021,1,2024/9/28 13:00
user_0665,room_006,1,2024/9/28 13:11
user_0660,room_016,5,2024/9/28 13:13
user_0520,room_009,1,2024/9/28 13:16
user_0787,room_012,1,2024/9/28 13:21
user_0851,room_019,10,2024/9/28 13:21
user_0662,room_027,1,2024/9/28 13:31
user_0503,room_017,1,2024/9/28 13:33
user_0936,room_018,1,2024/9/28 13:40
user_0199,room_006,1,2024/9/28 13:47
user_0828,room_014,1,2024/9/28 13:55
user_0471,room_001,5,2024/9/28 14:03
user_0168,room_014,1,2024/9/28 14:06
user_0328,room_024,1,2024/9/28 14:07
user_0790,room_015,1,2024/9/28 14:16
user_0272,room_021,1,2024/9/28 14:25
user_0623,room_026,1,2024/9/28 14:31
user_0006,room_015,1,2024/9/28 14:36
user_0510,room_023,1,2024/9/28 14:52
user_0137,room_016,1,2024/9/28 14:54
user_0367,room_004,1,2024/9/28 15:00
user_0128,room_013,1,2024/9/28 15:21
user_0054,room_016,5,2024/9/28 15:39
user_0359,room_018,1,2024/9/28 15:43
user_0237,room_014,1,2024/9/28 16:02
user_0114,room_019,5,2024/9/28 16:04
user_0147,room_028,20,2024/9/28 16:06
user_0630,room_011,20,2024/9/28 16:10
user_0087,room_026,1,2024/9/28 16:11
user_0893,room_016,1,2024/9/28 16:29
user_0453,room_028,1,2024/9/28 16:35
user_0391,room_015,1,2024/9/28 16:39
user_0925,room_014,5,2024/9/28 16:43
user_0551,room_022,1,2024/9/28 16:51
user_0600,room_021,5,2024/9/28 17:09
user_0874,room_016,20,2024/9/28 17:09
user_0599,room_011,1,2024/9/28 17:18
user_0802,room_013,1,2024/9/28 17:19
user_0930,room_020,1,2024/9/28 17:21
user_0642,room_027,1,2024/9/28 17:27
user_0944,room_018,20,2024/9/28 17:45
user_0188,room_029,1,2024/9/28 17:49
user_0505,room_028,1,2024/9/28 17:56
user_0273,room_004,1,2024/9/28 18:26
user_0111,room_009,1,2024/9/28 18:27
user_0024,room_012,1,2024/9/28 18:27
user_0766,room_002,10,2024/9/28 18:31
user_0751,room_028,1,2024/9/28 18:34
user_0119,room_008,1,2024/9/28 18:37
user_0250,room_027,5,2024/9/28 18:43
user_0901,room_002,5,2024/9/28 18:47
user_0804,room_008,5,2024/9/28 18:55
user_0903,room_018,1,2024/9/28 19:04
user_0703,room_026,1,2024/9/28 19:13
user_0015,room_007,10,2024/9/28 19:19
user_0202,room_013,1,2024/9/28 19:20
user_0528,room_020,1,2024/9/28 19:24
user_0591,room_014,1,2024/9/28 19:27
user_0176,room_012,1,2024/9/28 19:33
user_0756,room_013,5,2024/9/28 19:43
user_0183,room_007,1,2024/9/28 19:48
user_0663,room_016,1,2024/9/28 19:49
user_0150,room_002,1,2024/9/28 19:49
user_0649,room_020,1,2024/9/28 19:59
user_0985,room_010,200,2024/9/28 20:02
user_0197,room_006,1,2024/9/28 20:02
user_0031,room_023,1,2024/9/28 20:03
user_0965,room_009,100,2024/9/28 20:05
user_0985,room_007,200,2024/9/28 20:05
user_0951,room_011,100,2024/9/28 20:07
user_0339,room_005,5,2024/9/28 20:09
user_0946,room_027,1,2024/9/28 20:09
user_0974,room_004,100,2024/9/28 20:10
user_0985,room_006,200,2024/9/28 20:16
user_0974,room_009,100,2024/9/28 20:21
user_0983,room_006,50,2024/9/28 20:22
user_0902,room_026,1,2024/9/28 20:25
user_0965,room_001,50,2024/9/28 20:29
user_0985,room_006,200,2024/9/28 20:33
user_0402,room_010,1,2024/9/28 20:39
user_0288,room_008,1,2024/9/28 20:40
user_0951,room_005,200,2024/9/28 20:48
user_0951,room_005,100,2024/9/28 20:48
user_0866,room_011,1,2024/9/28 20:49
user_0994,room_004,100,2024/9/28 20:50
user_0951,room_010,50,2024/9/28 21:00
user_0333,room_006,20,2024/9/28 21:03
user_0075,room_007,1,2024/9/28 21:04
user_0317,room_019,20,2024/9/28 21:05
user_0965,room_004,50,2024/9/28 21:06
user_0215,room_015,10,2024/9/28 21:06
user_0985,room_011,200,2024/9/28 21:08
user_0983,room_003,50,2024/9/28 21:13
user_0974,room_011,100,2024/9/28 21:14
user_0951,room_010,100,2024/9/28 21:18
user_0465,room_004,5,2024/9/28 21:24
user_0985,room_009,100,2024/9/28 21:25
user_0107,room_019,1,2024/9/28 21:31
user_0951,room_007,50,2024/9/28 21:35
user_0800,room_018,5,2024/9/28 21:48
user_0965,room_003,50,2024/9/28 21:51
user_0965,room_004,100,2024/9/28 21:52
user_0951,room_009,200,2024/9/28 21:54
user_0077,room_028,20,2024/9/28 21:56
user_0991,room_001,50,2024/9/28 21:56
user_0994,room_005,100,2024/9/28 21:58
user_0205,room_019,5,2024/9/28 22:05
user_0401,room_005,20,2024/9/28 22:05
user_0985,room_014,50,2024/9/28 22:08
user_0994,room_009,200,2024/9/28 22:09
user_0974,room_012,50,2024/9/28 22:13
user_0991,room_010,50,2024/9/28 22:19
user_0991,room_006,200,2024/9/28 22:20
user_0991,room_004,100,2024/9/28 22:20
user_0135,room_008,1,2024/9/28 22:28
user_0035,room_003,5,2024/9/28 22:35
user_0428,room_001,1,2024/9/28 22:36
user_0983,room_012,200,2024/9/28 22:37
user_0985,room_007,50,2024/9/28 22:38
user_0991,room_014,100,2024/9/28 22:40
user_0965,room_009,100,2024/9/28 22:40
user_0965,room_014,100,2024/9/28 22:42
user_0644,room_011,5,2024/9/28 22:42
user_0292,room_021,5,2024/9/28 22:47
user_0983,room_008,200,2024/9/28 22:48
user_0951,room_010,50,2024/9/28 22:48
user_0974,room_011,100,2024/9/28 22:50
user_0951,room_013,200,2024/9/28 22:54
user_0994,room_005,50,2024/9/28 22:56
user_0994,room_010,50,2024/9/28 22:59
user_0304,room_018,1,2024/9/28 23:02
user_0965,room_010,200,2024/9/28 23:06
user_0985,room_001,50,2024/9/28 23:08
user_0974,room_007,50,2024/9/28 23:24
user_0994,room_006,50,2024/9/28 23:27
user_0983,room_012,100,2024/9/28 23:27
user_0499,room_002,1,2024/9/28 23:30
user_0951,room_014,100,2024/9/28 23:31
user_0951,room_004,50,2024/9/28 23:31
user_0991,room_002,50,2024/9/28 23:32
user_0965,room_003,50,2024/9/28 23:32
user_0994,room_001,50,2024/9/28 23:34
user_0994,room_011,100,2024/9/28 23:38
user_0750,room_024,20,2024/9/28 23:41
user_0983,room_003,50,2024/9/28 23:44
user_0983,room_013,50,2024/9/28 23:46
user_0083,room_022,5,2024/9/28 23:48
user_0974,room_006,200,2024/9/28 23:54
user_0327,room_003,1,2024/9/28 23:58
user_0805,room_008,1,2024/9/29 9:06
user_0037,room_022,1,2024/9/29 9:10
user_0242,room_015,5,2024/9/29 9:20
user_0443,room_017,5,2024/9/29 9:21
user_0206,room_026,5,2024/9/29 9:28
user_0708,room_014,5,2024/9/29 9:31
user_0615,room_016,10,2024/9/29 9:54
user_0026,room_007,1,2024/9/29 9:55
user_0231,room_003,1,2024/9/29 10:01
user_0260,room_006,5,2024/9/29 10:04
user_0421,room_013,1,2024/9/29 10:08
user_0857,room_024,1,2024/9/29 10:44
user_0047,room_028,1,2024/9/29 10:47
user_0479,room_010,10,2024/9/29 10:52
user_0776,room_020,20,2024/9/29 11:12
user_0624,room_024,1,2024/9/29 11:28
user_0553,room_026,10,2024/9/29 11:30
user_0564,room_009,10,2024/9/29 11:31
user_0052,room_001,20,2024/9/29 11:34
user_0760,room_024,1,2024/9/29 11:46
user_0218,room_020,20,2024/9/29 11:46
user_0181,room_027,5,2024/9/29 12:26
user_0388,room_028,5,2024/9/29 12:28
user_0085,room_006,5,2024/9/29 12:31
user_0768,room_004,20,2024/9/29 12:33
user_0772,room_024,1,2024/9/29 12:56
user_0413,room_004,10,2024/9/29 13:05
user_0060,room_021,1,2024/9/29 13:11
user_0514,room_013,1,2024/9/29 13:47
user_0921,room_008,1,2024/9/29 13:48
user_0769,room_009,1,2024/9/29 13:49
user_0876,room_019,1,2024/9/29 13:52
user_0889,room_026,1,2024/9/29 14:14
user_0826,room_005,1,2024/9/29 14:19
user_0589,room_008,10,2024/9/29 14:24
user_0816,room_013,1,2024/9/29 14:29
user_0407,room_004,10,2024/9/29 14:29
user_0797,room_027,5,2024/9/29 14:29
user_0445,room_029,10,2024/9/29 14:29
user_0751,room_027,5,2024/9/29 14:31
user_0157,room_016,10,2024/9/29 14:33
user_0838,room_004,1,2024/9/29 14:34
user_0727,room_024,1,2024/9/29 14:35
user_0227,room_013,1,2024/9/29 14:59
user_0890,room_022,1,2024/9/29 15:09
user_0486,room_009,1,2024/9/29 15:10
user_0088,room_027,1,2024/9/29 15:17
user_0493,room_005,5,2024/9/29 15:23
user_0761,room_009,1,2024/9/29 15:26
user_0554,room_026,5,2024/9/29 15:28
user_0327,room_001,1,2024/9/29 15:28
user_0864,room_008,1,2024/9/29 15:36
user_0118,room_001,1,2024/9/29 15:47
user_0310,room_001,5,2024/9/29 15:52
user_0297,room_012,5,2024/9/29 15:52
user_0755,room_018,1,2024/9/29 15:56
user_0568,room_023,1,2024/9/29 16:29
user_0301,room_028,5,2024/9/29 16:30
user_0684,room_022,1,2024/9/29 16:35
user_0832,room_028,5,2024/9/29 16:42
user_0486,room_017,5,2024/9/29 16:45
user_0929,room_022,1,2024/9/29 16:47
user_0440,room_019,5,2024/9/29 16:55
user_0828,room_008,10,2024/9/29 17:03
user_0000,room_011,10,2024/9/29 17:05
user_0283,room_009,1,2024/9/29 17:08
user_0525,room_023,10,2024/9/29 17:11
user_0318,room_023,1,2024/9/29 17:12
user_0359,room_001,1,2024/9/29 17:21
user_0640,room_004,5,2024/9/29 17:26
user_0690,room_018,1,2024/9/29 17:27
user_0025,room_011,5,2024/9/29 17:28
user_0320,room_001,1,2024/9/29 17:28
user_0616,room_027,1,2024/9/29 17:30
user_0943,room_008,5,2024/9/29 17:39
user_0368,room_005,10,2024/9/29 17:57
user_0356,room_019,10,2024/9/29 17:58
user_0557,room_003,1,2024/9/29 18:03
user_0837,room_028,1,2024/9/29 18:05
user_0062,room_018,1,2024/9/29 18:12
user_0659,room_017,20,2024/9/29 18:17
user_0011,room_003,1,2024/9/29 18:25
user_0357,room_011,1,2024/9/29 18:30
user_0029,room_010,1,2024/9/29 18:36
user_0634,room_007,1,2024/9/29 18:38
user_0812,room_020,1,2024/9/29 18:40
user_0202,room_011,5,2024/9/29 18:41
user_0656,room_013,1,2024/9/29 18:55
user_0825,room_016,1,2024/9/29 18:57
user_0811,room_002,1,2024/9/29 19:03
user_0538,room_007,1,2024/9/29 19:08
user_0414,room_015,1,2024/9/29 19:10
user_0590,room_028,1,2024/9/29 19:12
user_0492,room_017,1,2024/9/29 19:16
user_0412,room_023,5,2024/9/29 19:19
user_0168,room_005,1,2024/9/29 19:22
user_0456,room_015,1,2024/9/29 19:28
user_0749,room_022,1,2024/9/29 19:33
user_0589,room_007,1,2024/9/29 19:39
user_0411,room_021,1,2024/9/29 19:48
user_0404,room_022,10,2024/9/29 19:52
user_0602,room_002,5,2024/9/29 19:54
user_0549,room_008,1,2024/9/29 20:05
user_0951,room_007,100,2024/9/29 20:07
user_0937,room_027,5,2024/9/29 20:08
user_0985,room_002,50,2024/9/29 20:15
user_0015,room_012,1,2024/9/29 20:16
user_0974,room_005,100,2024/9/29 20:23
user_0985,room_004,100,2024/9/29 20:25
user_0974,room_014,50,2024/9/29 20:30
user_0974,room_001,200,2024/9/29 20:31
user_0974,room_005,50,2024/9/29 20:36
user_0736,room_016,1,2024/9/29 20:44
user_0629,room_017,5,2024/9/29 20:46
user_0951,room_001,100,2024/9/29 20:47
user_0985,room_008,200,2024/9/29 20:48
user_0314,room_011,1,2024/9/29 20:49
user_0592,room_020,1,2024/9/29 20:49
user_0985,room_012,50,2024/9/29 21:00
user_0983,room_005,50,2024/9/29 21:03
user_0406,room_021,5,2024/9/29 21:05
user_0994,room_013,200,2024/9/29 21:20
user_0200,room_027,1,2024/9/29 21:22
user_0965,room_005,200,2024/9/29 21:22
user_0994,room_007,100,2024/9/29 21:24
user_0994,room_006,200,2024/9/29 21:24
user_0985,room_002,100,2024/9/29 21:27
user_0974,room_003,50,2024/9/29 21:30
user_0460,room_020,1,2024/9/29 21:33
user_0379,room_022,1,2024/9/29 21:34
user_0985,room_004,50,2024/9/29 21:37
user_0617,room_021,5,2024/9/29 21:37
user_0994,room_013,200,2024/9/29 21:44
user_0985,room_003,50,2024/9/29 21:44
user_0833,room_002,5,2024/9/29 21:44
user_0965,room_014,50,2024/9/29 21:45
user_0073,room_009,5,2024/9/29 21:47
user_0462,room_019,1,2024/9/29 21:49
user_0974,room_012,100,2024/9/29 21:55
user_0623,room_028,1,2024/9/29 22:04
user_0965,room_008,200,2024/9/29 22:07
user_0994,room_001,100,2024/9/29 22:08
user_0951,room_009,100,2024/9/29 22:09
user_0951,room_004,100,2024/9/29 22:09
user_0512,room_018,5,2024/9/29 22:12
user_0856,room_003,5,2024/9/29 22:13
user_0698,room_029,1,2024/9/29 22:16
user_0985,room_004,50,2024/9/29 22:16
user_0974,room_003,50,2024/9/29 22:20
user_0974,room_013,50,2024/9/29 22:21
user_0084,room_017,5,2024/9/29 22:26
user_0951,room_008,200,2024/9/29 22:34
user_0797,room_027,1,2024/9/29 22:34
user_0575,room_005,1,2024/9/29 22:34
user_0357,room_011,1,2024/9/29 22:44
user_0553,room_020,5,2024/9/29 22:46
user_0951,room_001,50,2024/9/29 22:48
user_0983,room_003,50,2024/9/29 22:52
user_0456,room_022,5,2024/9/29 22:53
user_0983,room_014,100,2024/9/29 22:57
user_0974,room_011,50,2024/9/29 23:01
user_0331,room_016,1,2024/9/29 23:01
user_0983,room_012,100,2024/9/29 23:04
user_0985,room_006,50,2024/9/29 23:04
user_0985,room_010,100,2024/9/29 23:04
user_0951,room_001,100,2024/9/29 23:07
user_0974,room_014,50,2024/9/29 23:12
user_0974,room_001,50,2024/9/29 23:13
user_0983,room_006,50,2024/9/29 23:22
user_0951,room_005,100,2024/9/29 23:22
user_0529,room_008,1,2024/9/29 23:29
user_0951,room_004,50,2024/9/29 23:31
user_0994,room_002,50,2024/9/29 23:34
user_0662,room_025,1,2024/9/29 23:36
user_0475,room_024,5,2024/9/29 23:39
user_0974,room_006,50,2024/9/29 23:40
user_0011,room_002,1,2024/9/29 23:41
user_0951,room_007,200,2024/9/29 23:43
user_0985,room_004,50,2024/9/29 23:44
user_0974,room_005,50,2024/9/29 23:48
user_0985,room_001,50,2024/9/29 23:51
user_0994,room_004,50,2024/9/29 23:52
user_0785,room_006,20,2024/9/30 9:05
user_0945,room_023,10,2024/9/30 9:30
user_0737,room_012,1,2024/9/30 9:40
user_0804,room_004,1,2024/9/30 9:43
user_0874,room_011,5,2024/9/30 10:02
user_0680,room_025,1,2024/9/30 10:05
user_0801,room_005,1,2024/9/30 10:28
user_0126,room_027,1,2024/9/30 10:29
user_0545,room_022,1,2024/9/30 10:53
user_0197,room_028,5,2024/9/30 10:55
user_0931,room_009,1,2024/9/30 11:12
user_0458,room_026,1,2024/9/30 11:17
user_0301,room_024,5,2024/9/30 11:26
user_0658,room_027,1,2024/9/30 11:30
user_0394,room_018,1,2024/9/30 11:35
user_0085,room_014,1,2024/9/30 11:39
user_0917,room_023,1,2024/9/30 11:45
user_0746,room_018,5,2024/9/30 11:55
user_0623,room_011,1,2024/9/30 12:33
user_0718,room_003,1,2024/9/30 12:41
user_0344,room_021,1,2024/9/30 12:44
user_0432,room_002,20,2024/9/30 12:51
user_0055,room_005,1,2024/9/30 12:55
user_0120,room_010,1,2024/9/30 13:11
user_0042,room_023,1,2024/9/30 13:13
user_0138,room_005,1,2024/9/30 13:14
user_0209,room_015,1,2024/9/30 13:24
user_0595,room_019,1,2024/9/30 13:26
user_0931,room_007,1,2024/9/30 13:26
user_0242,room_026,1,2024/9/30 13:32
user_0091,room_011,1,2024/9/30 13:36
user_0859,room_026,5,2024/9/30 13:49
user_0115,room_006,1,2024/9/30 13:52
user_0306,room_015,5,2024/9/30 13:56
user_0508,room_015,1,2024/9/30 13:57
user_0921,room_006,1,2024/9/30 14:09
user_0307,room_020,1,2024/9/30 14:18
user_0688,room_013,1,2024/9/30 14:30
user_0585,room_016,1,2024/9/30 14:38
user_0249,room_014,1,2024/9/30 14:39
user_0513,room_029,1,2024/9/30 14:45
user_0055,room_026,1,2024/9/30 14:50
user_0686,room_006,1,2024/9/30 14:55
user_0045,room_016,1,2024/9/30 14:56
user_0443,room_027,1,2024/9/30 15:01
user_0005,room_021,1,2024/9/30 15:05
user_0433,room_021,1,2024/9/30 15:07
user_0579,room_006,1,2024/9/30 15:24
user_0055,room_024,5,2024/9/30 15:51
user_0182,room_004,1,2024/9/30 16:04
user_0553,room_004,20,2024/9/30 16:07
user_0111,room_021,5,2024/9/30 16:19
user_0057,room_019,5,2024/9/30 16:22
user_0632,room_014,10,2024/9/30 16:38
user_0802,room_016,1,2024/9/30 16:46
user_0689,room_016,5,2024/9/30 16:48
user_0341,room_001,5,2024/9/30 16:54
user_0621,room_029,5,2024/9/30 16:56
user_0597,room_010,1,2024/9/30 17:06
user_0888,room_005,1,2024/9/30 17:11
user_0293,room_022,1,2024/9/30 17:21
user_0606,room_016,1,2024/9/30 17:29
user_0701,room_013,5,2024/9/30 17:33
user_0834,room_016,1,2024/9/30 17:36
user_0850,room_018,1,2024/9/30 17:40
user_0573,room_014,1,2024/9/30 17:40
user_0299,room_022,1,2024/9/30 17:44
user_0570,room_008,1,2024/9/30 17:49
user_0590,room_017,1,2024/9/30 17:52
user_0318,room_004,1,2024/9/30 18:07
user_0731,room_021,1,2024/9/30 18:09
user_0162,room_026,5,2024/9/30 18:14
user_0589,room_026,1,2024/9/30 18:15
user_0652,room_025,1,2024/9/30 18:22
user_0647,room_010,1,2024/9/30 18:27
user_0461,room_010,1,2024/9/30 18:32
user_0391,room_024,1,2024/9/30 18:37
user_0274,room_021,1,2024/9/30 18:46
user_0691,room_029,1,2024/9/30 18:51
user_0010,room_005,10,2024/9/30 18:56
user_0351,room_029,1,2024/9/30 18:58
user_0524,room_022,5,2024/9/30 19:22
user_0582,room_004,1,2024/9/30 19:45
user_0752,room_020,1,2024/9/30 20:01
user_0797,room_003,1,2024/9/30 20:03
user_0463,room_004,10,2024/9/30 20:03
user_0265,room_002,1,2024/9/30 20:14
user_0386,room_024,1,2024/9/30 20:15
user_0728,room_010,1,2024/9/30 20:16
user_0127,room_021,10,2024/9/30 20:18
user_0439,room_028,1,2024/9/30 20:20
user_0983,room_009,50,2024/9/30 20:23
user_0983,room_009,200,2024/9/30 20:43
user_0439,room_023,10,2024/9/30 20:47
user_0572,room_017,1,2024/9/30 20:48
user_0773,room_024,1,2024/9/30 20:50
user_0983,room_010,100,2024/9/30 20:54
user_0306,room_027,5,2024/9/30 20:55
user_0983,room_005,50,2024/9/30 21:01
user_0503,room_020,1,2024/9/30 21:04
user_0303,room_004,1,2024/9/30 21:05
user_0589,room_015,1,2024/9/30 21:07
user_0677,room_015,5,2024/9/30 21:16
user_0737,room_001,5,2024/9/30 21:21
user_0129,room_027,5,2024/9/30 21:32
user_0062,room_023,5,2024/9/30 21:34
user_0983,room_010,50,2024/9/30 21:36
user_0206,room_020,5,2024/9/30 21:36
user_0478,room_024,10,2024/9/30 21:39
user_0705,room_008,1,2024/9/30 21:40
user_0983,room_009,100,2024/9/30 21:44
user_0789,room_010,20,2024/9/30 21:45
user_0983,room_012,50,2024/9/30 21:47
user_0470,room_018,5,2024/9/30 21:54
user_0599,room_015,5,2024/9/30 21:55
user_0053,room_022,1,2024/9/30 21:55
user_0042,room_029,1,2024/9/30 21:59
user_0983,room_012,50,2024/9/30 21:59
user_0455,room_007,10,2024/9/30 22:04
user_0845,room_017,1,2024/9/30 22:09
user_0411,room_011,5,2024/9/30 22:10
user_0983,room_010,100,2024/9/30 22:18
user_0566,room_008,1,2024/9/30 22:25
user_0983,room_007,200,2024/9/30 22:29
user_0228,room_015,5,2024/9/30 22:30
user_0157,room_022,5,2024/9/30 22:30
user_0378,room_005,1,2024/9/30 22:44
user_0761,room_011,10,2024/9/30 22:57
user_0983,room_014,100,2024/9/30 23:06
user_0570,room_017,1,2024/9/30 23:11
user_0305,room_027,5,2024/9/30 23:11
user_0659,room_003,1,2024/9/30 23:12
user_0983,room_013,100,2024/9/30 23:21
user_0923,room_003,20,2024/9/30 23:28
user_0875,room_010,10,2024/9/30 23:39
user_0331,room_011,20,2024/9/30 23:46
user_0798,room_016,5,2024/9/30 23:50
user_0177,room_011,1,2024/10/1 9:03
user_0060,room_007,1,2024/10/1 9:07
user_0250,room_028,5,2024/10/1 9:09
user_0769,room_003,1,2024/10/1 9:12
user_0395,room_008,1,2024/10/1 9:31
user_0600,room_001,5,2024/10/1 9:35
user_0038,room_004,1,2024/10/1 9:37
user_0589,room_027,1,2024/10/1 9:43
user_0119,room_015,1,2024/10/1 9:48
user_0796,room_018,5,2024/10/1 9:53
user_0661,room_023,1,2024/10/1 9:54
user_0533,room_023,20,2024/10/1 9:57
user_0383,room_009,1,2024/10/1 10:07
user_0159,room_010,1,2024/10/1 10:09
user_0591,room_023,1,2024/10/1 10:10
user_0629,room_022,1,2024/10/1 10:13
user_0472,room_003,5,2024/10/1 10:23
user_0126,room_019,1,2024/10/1 10:41
user_0592,room_004,1,2024/10/1 10:47
user_0654,room_020,1,2024/10/1 10:51
user_0645,room_002,5,2024/10/1 11:06
user_0715,room_023,20,2024/10/1 11:11
user_0446,room_012,5,2024/10/1 11:15
user_0774,room_018,1,2024/10/1 11:24
user_0263,room_014,1,2024/10/1 11:27
user_0583,room_028,1,2024/10/1 11:47
user_0309,room_013,5,2024/10/1 11:54
user_0901,room_004,5,2024/10/1 12:08
user_0721,room_010,1,2024/10/1 12:33
user_0369,room_012,1,2024/10/1 12:46
user_0195,room_012,1,2024/10/1 12:49
user_0024,room_006,1,2024/10/1 12:59
user_0167,room_025,1,2024/10/1 13:02
user_0800,room_002,1,2024/10/1 13:13
user_0755,room_024,5,2024/10/1 13:14
user_0303,room_012,5,2024/10/1 13:20
user_0537,room_018,1,2024/10/1 13:29
user_0869,room_029,1,2024/10/1 14:05
user_0198,room_022,1,2024/10/1 14:10
user_0572,room_006,5,2024/10/1 14:18
user_0609,room_026,1,2024/10/1 14:22
user_0657,room_013,1,2024/10/1 14:33
user_0434,room_022,10,2024/10/1 14:33
user_0282,room_019,1,2024/10/1 14:48
user_0729,room_009,10,2024/10/1 15:00
user_0440,room_028,1,2024/10/1 15:04
user_0412,room_019,1,2024/10/1 15:12
user_0373,room_009,20,2024/10/1 15:20
user_0422,room_011,5,2024/10/1 15:20
user_0246,room_023,1,2024/10/1 15:21
user_0340,room_016,1,2024/10/1 15:35
user_0147,room_017,1,2024/10/1 15:44
user_0121,room_016,5,2024/10/1 15:52
user_0776,room_013,1,2024/10/1 16:18
user_0407,room_003,1,2024/10/1 16:20
user_0533,room_014,1,2024/10/1 16:24
user_0681,room_005,1,2024/10/1 16:26
user_0663,room_013,1,2024/10/1 17:02
user_0040,room_021,1,2024/10/1 17:05
user_0265,room_014,10,2024/10/1 17:17
user_0162,room_005,1,2024/10/1 17:20
user_0237,room_022,1,2024/10/1 17:34
user_0621,room_012,5,2024/10/1 17:40
user_0914,room_012,1,2024/10/1 17:41
user_0499,room_029,1,2024/10/1 17:43
user_0477,room_013,1,2024/10/1 18:02
user_0176,room_028,1,2024/10/1 18:02
user_0360,room_013,1,2024/10/1 18:25
user_0221,room_023,5,2024/10/1 18:28
user_0191,room_003,1,2024/10/1 18:38
user_0856,room_009,1,2024/10/1 18:40
user_0561,room_026,1,2024/10/1 18:40
user_0856,room_013,10,2024/10/1 18:42
user_0619,room_020,1,2024/10/1 18:42
user_0335,room_002,5,2024/10/1 18:56
user_0894,room_027,5,2024/10/1 18:57
user_0599,room_011,1,2024/10/1 19:09
user_0348,room_028,10,2024/10/1 19:21
user_0575,room_004,1,2024/10/1 19:45
user_0934,room_023,10,2024/10/1 19:53
user_0118,room_020,1,2024/10/1 19:53
user_0873,room_009,1,2024/10/1 19:55
user_0526,room_009,20,2024/10/1 19:57
user_0066,room_017,1,2024/10/1 19:58
user_0373,room_003,10,2024/10/1 20:12
user_0077,room_021,20,2024/10/1 20:33
user_0687,room_020,1,2024/10/1 20:34
user_0767,room_019,1,2024/10/1 20:36
user_0517,room_016,1,2024/10/1 20:41
user_0683,room_023,5,2024/10/1 20:44
user_0910,room_028,1,2024/10/1 20:51
user_0731,room_020,1,2024/10/1 20:52
user_0839,room_007,10,2024/10/1 21:18
user_0158,room_018,1,2024/10/1 21:18
user_0004,room_020,1,2024/10/1 21:21
user_0429,room_011,1,2024/10/1 21:25
user_0381,room_020,10,2024/10/1 21:27
user_0501,room_025,20,2024/10/1 21:28
user_0638,room_014,1,2024/10/1 21:30
user_0865,room_026,1,2024/10/1 21:31
user_0215,room_005,1,2024/10/1 21:31
user_0591,room_010,5,2024/10/1 21:34
user_0618,room_006,5,2024/10/1 21:39
user_0219,room_013,1,2024/10/1 21:50
user_0108,room_013,1,2024/10/1 22:30
user_0514,room_010,1,2024/10/1 22:30
user_0404,room_009,10,2024/10/1 22:32
user_0518,room_011,10,2024/10/1 22:53
user_0910,room_021,10,2024/10/1 23:04
user_0486,room_014,1,2024/10/1 23:05
user_0719,room_001,1,2024/10/1 23:26
user_0827,room_022,5,2024/10/1 23:27
user_0211,room_007,1,2024/10/1 23:38
user_0052,room_008,10,2024/10/1 23:44
user_0771,room_007,1,2024/10/1 23:44
